gene_name	gene_id	seqnames	start	end	width	qval	delta_beta	nCpG	mean_g1	mean_g2	comparison	hyper_or_hypo	Squamous	Erythroid	Columnar	Lymphoid	beta_N07	beta_N06	beta_N04	beta_N09	beta_B04	beta_N05	beta_N08	beta_N02	beta_B26	beta_N03	beta_N10	beta_B30	beta_B21	beta_N01	beta_B28	beta_B12	beta_H15	beta_C09	beta_C13	beta_C02	beta_C10	beta_H02	beta_C07	beta_H03	beta_H06	beta_H05	beta_C06	beta_L12	beta_H01	beta_L02	beta_L20	beta_L22	beta_H04	beta_L10	beta_L18	beta_B03	beta_B06	beta_B13	beta_B18	beta_C03	beta_H10	beta_C11	beta_B23	beta_L17	beta_L14	beta_B20	beta_B29	beta_B15	beta_B24	beta_B17	beta_B09	beta_H14	beta_B02	beta_L07	beta_L11	beta_B08	beta_L15	beta_C08	beta_B14	beta_L06	beta_B16	beta_H08	beta_B22	beta_L08	beta_B19	beta_B32	beta_C14	beta_L21	beta_H13	beta_H11	beta_H16	beta_B25	beta_H17	beta_L05	beta_B27	beta_L13	beta_B11	beta_B33	beta_L09	beta_H12	beta_C04	beta_H09	beta_B31	beta_C12	beta_L03	beta_L19
CDKN2A	ENSG00000147889	chr9	21968233	21970173	1941	5.0547999999999994e-104	0.2799	75	0.52575	0.24585	Columnar vs. Squamous	hypermeth	0.24537182034976152	0.4715649774774775	0.5231735674310675	0.386121501423483	0.21634527027027028	0.29742716216216214	0.2303972972972973	0.18108662162162162	0.28720391891891894	0.28560756756756756	0.3170627027027027	0.11257418918918918	0.32540202702702703	0.18839175675675676	0.24651878378378378	0.23585824324324325	0.20694135135135136	0.3040254054054054	0.18005121621621623	0.25465094594594595	0.3017764864864865	0.5800024324324324	0.5746294594594594	0.36523743243243245	0.2932668918918919	0.4157077027027027	0.2728010810810811	0.5052517567567567	0.5857605405405405	0.25653135135135136	0.7859241891891892	0.7616927027027027	0.5670802702702703	0.48980243243243243	0.3961127027027027	0.5140289189189189	0.525147972972973	0.21167	0.38752175675675676	0.599198918918919	0.40592702702702704	0.3306887837837838	0.5285677027027027	0.9355543243243243	0.8119548648648649	0.7114493243243243	0.22671930555555556	0.6159125675675675	0.26098743243243244	0.49064797297297297	0.4358618918918919	0.42473783783783786	0.6883145945945945	0.2759945833333333	0.7100466216216216	0.6187604054054054	0.45910175675675674	0.6292482432432432	0.5049593243243243	0.24085675675675677	0.6043282432432432	0.5447018918918919	0.4909918918918919	0.45336905405405403	0.23823635135135135	0.418592972972973	0.6321993243243244	0.23026205479452055	0.5215044594594594	0.3473716216216216	0.5834721621621621	0.5643468918918919	0.37431986486486485	0.19615256756756758	0.23276027027027027	0.5570754054054055	0.3871610810810811	0.5890033783783784	0.34984445945945947	0.45629027027027025	0.2902043243243243	0.28360175675675675	0.3188217567567568	0.4608267567567568	0.3828587837837838	0.49638162162162164	0.33512513513513514	0.14134702702702703	0.12994797297297297	0.19075243243243242
MGMT	ENSG00000170430	chr10	129466706	129467532	827	1.5521999999999998e-218	0.32747	97	0.35474	0.027268	Columnar vs. Squamous	hypermeth	0.02596354166666667	0.19223839060504472	0.35348467803030303	0.16237954170447672	0.020115208333333336	0.012786041666666666	0.008445729166666667	0.019408958333333334	0.0512478125	0.010813854166666668	0.012008229166666667	0.0171928125	0.09695843750000001	0.010855729166666666	0.0240978125	0.026806770833333333	0.018040416666666666	0.018619895833333334	0.04480270833333334	0.03948125	0.009698541666666668	0.3226016666666667	0.02057479166666667	0.29741552083333334	0.33655708333333334	0.0311296875	0.17676916666666667	0.015424583333333334	0.45211395833333334	0.33027229166666666	0.25787072916666665	0.37406333333333336	0.025608229166666666	0.013037291666666666	0.03642927083333333	0.10332447916666666	0.07906666666666667	0.5316557291666667	0.056376551724137934	0.5422323958333334	0.30009885416666665	0.151075625	0.2764625	0.7466685416666666	0.8004521875	0.6484622916666667	0.5017194791666667	0.08036989583333333	0.7066752083333333	0.04672041666666667	0.06440197916666666	0.06878770833333334	0.3312490625	0.4368603125	0.03228770833333333	0.5082967708333334	0.40583145833333334	0.2876801041666667	0.24741760416666667	0.07883854166666666	0.5140742708333333	0.20181083333333333	0.03890625	0.180544375	0.0329990625	0.20336510416666667	0.1056141052631579	0.18407427083333333	0.25389177083333336	0.3809709375	0.447876875	0.37913979166666667	0.29404552083333335	0.04794427083333334	0.14860541666666666	0.09704375	0.11571989583333334	0.04916052083333333	0.034331875	0.09210864583333334	0.025872395833333332	0.02550791666666667	0.061287395833333334	0.17949489583333333	0.17350208333333333	0.24756927083333333	0.17744666666666667	0.028260520833333334	0.10500708333333333	0.3969052083333333
IGF2	ENSG00000167244	chr11	2140936	2141352	417	4.103299999999999e-46	0.305363	30	0.52126	0.2159	Columnar vs. Squamous	hypermeth	0.21427651115618662	0.4337784099616858	0.5183423197492163	0.3753136385255648	0.2356751724137931	0.20278344827586206	0.06967896551724138	0.23613275862068966	0.19332448275862069	0.12802241379310345	0.22295068965517242	0.0872348275862069	0.3419251724137931	0.09436206896551724	0.11394827586206896	0.39723896551724136	0.25789655172413795	0.22104275862068964	0.25212758620689657	0.27390793103448274	0.3144486206896552	0.15472896551724138	0.4115510344827586	0.34831620689655174	0.30778241379310345	0.43233206896551724	0.34154241379310346	0.13943689655172414	0.5127637931034483	0.6812648275862069	0.7132810344827586	0.42785103448275863	0.47877862068965515	0.4889968965517241	0.3015937931034483	0.3587793103448276	0.6952296551724138	0.5109072413793103	0.5028751724137931	0.6823751724137931	0.4468427586206897	0.43353758620689653	0.37309344827586205	0.8309831034482759	0.7167817241379311	0.7381975862068966	0.32765344827586207	0.4893031034482759	0.4624113793103448	0.5472089655172414	0.49442517241379313	0.5840196551724138	0.40804724137931037	0.5336251724137931	0.35567724137931034	0.6407148275862069	0.4488013793103448	0.4464903448275862	0.5650793103448276	0.2847141379310345	0.5935482758620689	0.5180027586206897	0.34509206896551725	0.42204413793103446	0.39716137931034484	0.6580327586206897	0.5768468965517242	0.4586086206896552	0.33588206896551726	0.5773075862068966	0.5891651724137931	0.2213744827586207	0.2982151724137931	0.320311724137931	0.3775496551724138	0.3802241379310345	0.2698996551724138	0.44123758620689657	0.34223724137931033	0.3491034482758621	0.18227310344827585	0.28889724137931033	0.45692793103448276	0.2338651724137931	0.28446	0.4300058620689655	0.23130758620689656	0.33521620689655174	0.1082248275862069	0.45462103448275865
NEUROG1	ENSG00000181965	chr5	135535254	135536448	1195	0	0.396079	133	0.50656	0.11048	Columnar vs. Squamous	hypermeth	0.110658123885918	0.3975015950857172	0.5070364462809918	0.3451766588296761	0.047431742424242425	0.05526901515151515	0.0500205303030303	0.03451613636363636	0.1647534090909091	0.07748984848484848	0.0735705303030303	0.02646772727272727	0.10462318181818182	0.0809689393939394	0.06922765151515152	0.3394559848484849	0.1103369696969697	0.1343214393939394	0.23617272727272728	0.21424909090909092	0.062313181818181816	0.10717840909090909	0.5374199236641222	0.3201409090909091	0.39141257575757576	0.36461166666666667	0.30686613636363635	0.12813242424242424	0.3099552272727273	0.5457918181818182	0.6277418181818182	0.6205612878787878	0.34016257575757575	0.4378705303030303	0.34506295454545455	0.40284515151515154	0.5531395454545455	0.2955508333333333	0.5205849242424242	0.553137803030303	0.40445742424242426	0.2821003787878788	0.3654809090909091	0.8480342424242424	0.7524455303030303	0.709443106060606	0.4290123484848485	0.551357803030303	0.4442663636363636	0.4983265909090909	0.4997014393939394	0.5776789393939394	0.39723810606060606	0.5901987121212121	0.2611026515151515	0.6791559090909091	0.5207213636363637	0.46518295454545455	0.5778410606060607	0.2642130303030303	0.48370515151515153	0.5897664393939394	0.42264939393939394	0.3745151515151515	0.35916810606060606	0.3026598484848485	0.5333581818181818	0.5604432575757575	0.49811856060606063	0.5391254545454546	0.4712312878787879	0.3675687121212121	0.31387393939393937	0.19056674242424243	0.20272295454545455	0.394902196969697	0.3101193181818182	0.4444114393939394	0.2856851515151515	0.3924731060606061	0.09147121212121212	0.14218424242424244	0.31341613636363636	0.3497740909090909	0.26303113636363634	0.4639601515151515	0.2615762878787879	0.1086275	0.08668022727272727	0.3760428787878788
RUNX3	ENSG00000020633	chr1	24929604	24930665	1062	1.3243e-234	0.253137	152	0.28425	0.031115	Erythroid vs. Squamous	hypermeth	0.031203334631865993	0.2843664061564876	0.21568686935580975	0.17386917789449646	0.015448344370860926	0.014319271523178807	0.009656092715231789	0.018722649006622516	0.022526953642384107	0.01794860927152318	0.011744834437086092	0.005111258278145695	0.03793529801324503	0.00689317880794702	0.02592364238410596	0.16675701986754968	0.017507748344370862	0.009789602649006622	0.0896848344370861	0.02907317880794702	0.03141417218543047	0.34613973509933776	0.18657456953642385	0.06601913907284768	0.012609470198675497	0.2589422516556291	0.13919668874172186	0.0028855629139072844	0.5568671523178808	0.6022423841059603	0.7845105298013245	0.6821700662251655	0.18799960264900661	0.2640298675496689	0.3023873509933775	0.40229377483443707	8.278145695364238e-4	0.24432741721854306	0.07857193333333333	0.08840026490066226	0.07309059602649007	0.1266656953642384	0.2835144370860927	0.32487940397350995	0.646128344370861	0.6069138410596027	0.06349629139072847	0.47325880794701985	0.014720331125827815	0.040601721854304634	0.13143880794701987	0.048382980132450334	0.13687417218543046	0.061031456953642385	0.44777721854304636	0.2346758940397351	0.2472748344370861	0.2724952317880795	0.04075615894039735	0.1704130463576159	0.21232158940397353	0.5044785430463576	0.12323900662251655	0.3980505298013245	0.22895132450331127	0.13308105960264902	0.10480900662251656	0.1762051655629139	0.2529149668874172	0.06436629139072848	0.3113162251655629	0.23071039735099338	0.26580417218543045	0.03549615894039735	0.010114900662251656	0.08119615894039735	0.1362867549668874	0.10533635761589404	0.19896701986754967	0.10610324503311258	0.04105516556291391	0.12698417218543046	0.14760721854304637	0.30162649006622516	0.13506576158940398	0.5564958278145695	0.1174101986754967	0.09085649006622516	0.031887417218543046	0.025790132450331127
KCNK13	ENSG00000152315	chr14	90061033	90061680	648	1.5515999999999996e-160	0.38486	58	0.43975	0.05489	Columnar vs. Squamous	hypermeth	0.054816769865841074	0.3160096978557505	0.44178094098883575	0.26480380520266183	0.02607421052631579	0.018769122807017542	0.015504035087719298	0.01876017543859649	0.06640456140350877	0.009711929824561403	0.03264736842105263	0.021672631578947367	0.045941929824561405	0.02938	0.03369684210526316	0.3628159649122807	0.028257894736842107	0.07882754385964913	0.07369719298245614	0.039656315789473685	0.03006736842105263	0.41533543859649125	0.05342526315789474	0.03395508771929825	0.4693715789473684	0.23980964912280703	0.1663378947368421	0.059221754385964914	0.2144440350877193	0.6730264912280701	0.7640226315789473	0.5127163157894736	0.4097929824561403	0.2922898245614035	0.33741105263157894	0.277729649122807	0.3702870175438597	0.20918087719298245	0.18981701754385966	0.6681668421052631	0.3940577192982456	0.21782947368421052	0.42541666666666667	0.8648214035087719	0.85225	0.5425854385964912	0.30254929824561405	0.557451403508772	0.5163794736842106	0.31056666666666666	0.567170350877193	0.20932736842105262	0.23319350877192982	0.3065585964912281	0.14562754385964913	0.6061226315789474	0.4718422807017544	0.6023470175438597	0.4627621052631579	0.2216738596491228	0.24048105263157896	0.5577054385964912	0.2137022807017544	0.3612240350877193	0.2528175438596491	0.06295508771929824	0.36478649122807016	0.3456522807017544	0.3679578947368421	0.3400819298245614	0.5377475438596491	0.42844561403508774	0.3277898245614035	0.03956070175438597	0.2067580701754386	0.21899684210526316	0.14908719298245615	0.3788278947368421	0.1262717543859649	0.3103338596491228	0.017712105263157894	0.0862561403508772	0.24811859649122808	0.4277057894736842	0.20102614035087718	0.5160371929824561	0.1855564912280702	0.12092052631578946	0.07840631578947369	0.20686877192982456
SLIT1	ENSG00000187122	chr10	97185164	97186018	855	3.3899e-122	0.201005	78	0.27271	0.071702	Lymphoid vs. Squamous	hypermeth	0.07188873949579833	0.3245124025974026	0.38362885478158204	0.27339702642185404	0.019291948051948053	0.033988311688311686	0.021145584415584416	0.02727974025974026	0.08181909090909091	0.015720779220779222	0.025775064935064936	0.01586038961038961	0.12620272727272727	0.03233987012987013	0.04557844155844156	0.3352322077922078	0.040353376623376624	0.04105844155844156	0.1470174025974026	0.17646818181818183	0.03697701298701299	0.06839298701298702	0.39756142857142857	0.14210194805194806	0.27001246753246755	0.3610968831168831	0.29680688311688314	0.021965324675324676	0.2854205194805195	0.47085506493506496	0.5997103896103896	0.5784192207792208	0.20285207792207793	0.2963924675324675	0.20372051948051947	0.22448662337662337	0.6098538961038961	0.6365231168831169	0.17505142857142858	0.5398493506493507	0.17286415584415585	0.2845320779220779	0.315605974025974	0.6903706493506494	0.635082987012987	0.7584342857142857	0.35040805194805197	0.5346784415584416	0.403797012987013	0.4209596103896104	0.22640779220779222	0.29474623376623377	0.19286753246753247	0.43054298701298704	0.1463190909090909	0.4973994805194805	0.3382538961038961	0.5008962337662338	0.33937623376623377	0.08067168831168832	0.28577103896103895	0.5755836363636364	0.3257598701298701	0.3463787012987013	0.1610374025974026	0.24190688311688313	0.27858363636363637	0.26343584415584415	0.22978324675324677	0.5786096103896103	0.33313402597402597	0.5044216883116883	0.3358275324675325	0.06514558441558442	0.17234246753246754	0.352308051948052	0.14981597402597402	0.3660862337662338	0.31794428571428573	0.23565038961038962	0.10352168831168831	0.16519948051948052	0.3319448051948052	0.3982583116883117	0.25426012987012986	0.35986935064935066	0.09288064935064935	0.057753766233766234	0.06375454545454545	0.267315974025974
RAB31	ENSG00000168461	chr18	9707557	9707947	391	1.2987e-77	0.46878	21	0.59579	0.12701	Columnar vs. Squamous	hypermeth	0.12849402941176472	0.49174066666666666	0.59316925	0.3789064827586207	0.058459	0.041472	0.091121	0.0335915	0.1938125	0.078606	0.0257585	0.0913965	0.073036	0.1387855	0.0516095	0.2776665	0.192644	0.1245665	0.1687825	0.396135	0.146956	0.580485	0.508651	0.414251	0.447636	0.43736	0.39	0.342064	0.610697	0.700765	0.749611	0.4312505	0.510657	0.4912925	0.424435	0.2850985	0.7293525	0.4346265	0.3630995	0.7085735	0.360334	0.6022405	0.459309	0.7180285	0.746008	0.691374	0.3094735	0.5746415	0.4754965	0.504568	0.4916505	0.6741985	0.6729565	0.663332	0.639447	0.6567355	0.570407	0.7025765	0.643493	0.6866995	0.49818049999999997	0.7088035	0.573742	0.666473	0.508729	0.34716199999999997	0.4408995	0.563529	0.5400395	0.5686365	0.624919	0.23248950000000002	0.251103	0.2270025	0.252183	0.293772	0.196019	0.3608155	0.3088335	0.32064950000000003	0.216454	0.24887	0.42035100000000003	0.43242200000000003	0.19787000000000002	0.439881	0.2545905	0.1713275	0.24289	0.3778315
FOXL2	ENSG00000183770	chr3	138945507	138946875	1369	0	0.435167	175	0.51755	0.082385	Erythroid vs. Squamous	hypermeth	0.08235588911426639	0.5177291666666667	0.47985853970741904	0.3380316706302022	0.015683275862068965	0.023882701149425287	0.012431494252873564	0.01326471264367816	0.14570086206896551	0.03037741379310345	0.019383908045977012	0.021190977011494253	0.08195137931034482	0.01567402298850575	0.028185632183908047	0.34153183908045975	0.0744451724137931	0.04059580459770115	0.1942962643678161	0.22789528735632184	0.11355936781609195	0.30071977011494255	0.5297445977011495	0.46318775862068967	0.39514862068965517	0.4771180459770115	0.31752580459770113	0.02883028735632184	0.7220208045977011	0.7890620114942529	0.700881091954023	0.8045206896551724	0.5567663218390805	0.6759220114942529	0.2952741954022989	0.47830086206896555	0.7669699425287356	0.5233713218390804	0.4937608620689655	0.48057632183908044	0.2756891379310345	0.3211206321839081	0.4546678735632184	0.8569511494252874	0.7534703448275862	0.7811046551724138	0.3029531609195402	0.5982598275862069	0.5117844827586207	0.4606804022988506	0.4165144252873563	0.3724202873563218	0.32601316091954025	0.5557160919540229	0.2505455172413793	0.8148464942528736	0.36618890804597704	0.6298202873563219	0.39409333333333335	0.16540758620689655	0.46806379310344826	0.5710917816091954	0.3611362643678161	0.48831350574712645	0.2669947126436782	0.39386568965517244	0.48365258620689655	0.5199713793103449	0.40586120689655175	0.5661816091954023	0.46105724137931037	0.4508163218390805	0.3074170114942529	0.08083632183908046	0.28283775862068966	0.27508367816091955	0.30343235632183907	0.5207791954022989	0.34970977011494253	0.3553589655172414	0.08155557471264369	0.25079810344827586	0.18386045977011495	0.4488341379310345	0.24109833333333333	0.5789428735632184	0.19041741379310345	0.13276114942528736	0.09979695402298851	0.15045609195402299
B3GAT2	ENSG00000112309	chr6	70956257	70957535	1279	0	0.396642	121	0.46841	0.071768	Columnar vs. Squamous	hypermeth	0.0700721911764706	0.3863528888888889	0.4669899318181818	0.31847712068965517	0.01235375	0.01852375	0.0180535	0.01802575	0.12305133333333333	0.021680833333333333	0.0227725	0.023340666666666666	0.06227033333333333	0.02986275	0.04585458333333333	0.30373875	0.04023533333333333	0.042790166666666664	0.19099025	0.15788191666666668	0.05980108333333333	0.287094	0.492876	0.1435035	0.23385416666666667	0.4706984166666667	0.22086150000000002	0.05788625	0.46957125	0.4446308333333333	0.75313725	0.5954068333333333	0.43741633333333335	0.4788733333333333	0.34542141666666665	0.23765091666666666	0.47976966666666665	0.46194691666666665	0.3437534166666667	0.5774643333333334	0.23731125	0.33024633333333336	0.4875825833333333	0.6951684166666666	0.7221583333333333	0.7640771666666667	0.2887225	0.5892401666666667	0.541012	0.4941965	0.377713	0.36107075	0.344799	0.4664896666666667	0.33524025	0.4480430833333333	0.37332325	0.47831266666666666	0.5820756666666667	0.38262883333333336	0.39690275	0.536206	0.35996991666666667	0.28624808333333335	0.26198241666666666	0.39457033333333336	0.48749125	0.46913441666666666	0.5413975833333333	0.52277325	0.46065608333333335	0.38964241666666666	0.24174383333333335	0.06870908333333334	0.18826116666666667	0.39146616666666667	0.26914641666666667	0.37684141666666665	0.280799	0.39647483333333333	0.060795416666666664	0.09478333333333333	0.2793945	0.39681191666666665	0.24966158333333333	0.5350294166666667	0.22826525	0.07774916666666666	0.03985975	0.3499725
KCNC1	ENSG00000129159	chr11	17735995	17736738	744	1.6944999999999996e-181	0.312226	96	0.63373	0.3215	Columnar vs. Squamous	hypermeth	0.3198504705882353	0.6050006374269006	0.633141004784689	0.49444174228675136	0.22815652631578948	0.25986705263157894	0.23134473684210527	0.26031736842105263	0.3919898947368421	0.25659736842105263	0.47159105263157897	0.30541252631578947	0.26416	0.22696905263157896	0.2603156842105263	0.5042781052631579	0.31982694736842104	0.3677466315789474	0.3269824210526316	0.3384203157894737	0.4234823157894737	0.7724365263157895	0.6029091578947369	0.37817894736842106	0.6475946315789474	0.6270594736842106	0.452492	0.40965652631578947	0.7259256842105263	0.8308122105263158	0.5625977894736842	0.7160728421052631	0.6413662105263158	0.7183788421052631	0.4873655789473684	0.587707052631579	0.6092237894736842	0.5899062105263158	0.530328	0.566427052631579	0.5073298947368421	0.5872058947368421	0.5402641052631579	0.8942346315789473	0.8163541052631579	0.6155772631578947	0.6007753684210526	0.5718977894736842	0.6874786315789474	0.5347707368421053	0.705158	0.7344521052631579	0.7043923157894737	0.7006788421052632	0.545306	0.6614705263157895	0.4427662105263158	0.6429829473684211	0.5847086315789474	0.5868166315789474	0.6980544210526316	0.6562681052631579	0.6067794736842105	0.4945323157894737	0.5358007368421053	0.487848	0.8231076842105263	0.5012454736842106	0.7139993684210526	0.7174222105263158	0.7201062105263157	0.5622708421052631	0.5210282105263158	0.40509105263157896	0.47050526315789476	0.42347926315789475	0.5689651578947369	0.5593051578947369	0.45315378947368423	0.5553608421052632	0.24636115789473684	0.30860115789473685	0.42301705263157896	0.46834789473684213	0.2626344210526316	0.5342551578947369	0.2576461052631579	0.19259526315789474	0.37595484210526314	0.4931283157894737
FSTL1	ENSG00000163430	chr3	120450889	120451671	783	4.1624e-121	0.407403	58	0.53852	0.13111	Columnar vs. Squamous	hypermeth	0.1264637048503612	0.48586356916597045	0.5336803200956938	0.3734539987900786	0.03316754385964912	0.056807543859649125	0.06059052631578948	0.031461052631578945	0.17631438596491228	0.03491859649122807	0.09885649122807018	0.0826061403508772	0.09055350877192983	0.07747929824561403	0.0857261403508772	0.407550350877193	0.18045684210526317	0.09793964912280702	0.24252684210526315	0.24031333333333335	0.15261473684210528	0.5105819642857143	0.1840417543859649	0.3229143859649123	0.520508947368421	0.28521894736842107	0.3165617543859649	0.18518421052631578	0.5763573684210527	0.7494594736842105	0.6920154385964912	0.7592887719298246	0.4397817543859649	0.5920224561403509	0.5332712280701755	0.32749333333333336	0.6307645614035088	0.6898845614035087	0.4301933333333333	0.6531589473684211	0.4196961403508772	0.3924775438596491	0.5910787719298246	0.8537247368421053	0.8158382456140351	0.6900002	0.3423440350877193	0.6394866666666666	0.5032982456140351	0.4390884210526316	0.6684343859649123	0.4056861403508772	0.3967419298245614	0.4982361403508772	0.3213815789473684	0.5878917543859649	0.48116385964912284	0.6313247368421053	0.5374254385964913	0.36706684210526314	0.5054222807017544	0.5798756140350877	0.4395249122807018	0.5497928070175438	0.25941228070175437	0.581561052631579	0.5760161403508772	0.4941059649122807	0.4686324561403509	0.6651442105263158	0.533840350877193	0.4818721052631579	0.22584824561403508	0.22026473684210526	0.26746	0.21892719298245614	0.3291873684210526	0.36456087719298247	0.32885526315789476	0.30239649122807016	0.08377228070175438	0.21990473684210526	0.24177508771929823	0.5092212280701754	0.3306817543859649	0.6125036842105264	0.39966736842105266	0.11774877192982457	0.10659684210526316	0.3210161403508772
SLC6A4	ENSG00000108576	chr17	30235369	30235654	286	1.5782e-42	0.29545	27	0.4158	0.12035	Columnar vs. Squamous	hypermeth	0.12258031674208145	0.3270857264957265	0.4198204370629371	0.3327142705570292	0.018781923076923078	0.0674323076923077	0.004807692307692308	0.046533846153846155	0.18975423076923079	0.11771461538461539	0.05012615384615385	0.22891884615384617	0.12940846153846153	0.14404769230769232	0.058267692307692305	0.2854576923076923	0.14192346153846153	0.21953846153846154	0.09064230769230769	0.24636346153846153	0.04414653846153846	0.2908315384615385	0.19308192307692307	0.11274615384615384	0.23397384615384617	0.22634576923076924	0.261395	0.07625076923076923	0.05646346153846154	0.6382015384615385	0.6564626923076923	0.5421161538461539	0.3996573076923077	0.20787692307692307	0.2860873076923077	0.29887846153846154	0.5854957692307692	0.46352846153846156	0.35815	0.6333692307692308	0.24720846153846154	0.258055	0.5563365384615385	0.7697638461538462	0.647755	0.7459557692307692	0.1364673076923077	0.5504946153846154	0.09463769230769231	0.2992715384615385	0.41181538461538464	0.3742819230769231	0.3905026923076923	0.4099953846153846	0.28902346153846153	0.568856923076923	0.34122846153846154	0.43719576923076925	0.37913192307692306	0.34240576923076926	0.35229692307692306	0.5137153846153846	0.29723	0.36795	0.12603807692307692	0.37905346153846153	0.5069911538461539	0.4336880769230769	0.4766319230769231	0.5350230769230769	0.6935338461538462	0.5347134615384616	0.30309346153846156	0.2601869230769231	0.2395796153846154	0.18095807692307694	0.32907576923076926	0.2719134615384615	0.12110269230769231	0.3513003846153846	0.19434346153846155	0.19246384615384615	0.3400361538461538	0.32474807692307694	0.3335523076923077	0.5492292307692308	0.25412	0.12850923076923076	0.14978653846153847	0.26014615384615386
ESR1	ENSG00000091831	chr6	151807687	151808546	860	5.96989999002326e-293	0.45495	84	0.51334	0.058388	Columnar vs. Squamous	hypermeth	0.05865248759744862	0.4414201941097724	0.5139411445783133	0.2962047860407146	0.007576385542168674	0.01028722891566265	0.005917469879518072	0.008569879518072289	0.1855732530120482	0.04239337349397591	0.006998192771084337	0.0015772289156626507	0.08338927710843373	0.009973614457831325	0.030311084337349397	0.275209156626506	0.027876506024096383	0.006087228915662651	0.10033831325301205	0.1479943373493976	0.04701975903614458	0.10558614457831325	0.7100762650602409	0.2769548192771084	0.3845887951807229	0.3378886746987952	0.16976518072289157	0.027449518072289156	0.42588	0.6310018072289156	0.7947921686746988	0.7766692771084337	0.4636555421686747	0.45966481927710845	0.4309714457831325	0.3091444578313253	0.5167290361445783	0.5578209638554217	0.566924578313253	0.5483150602409639	0.360420843373494	0.550233734939759	0.4442143373493976	0.7817727710843374	0.8597315662650602	0.8264857831325301	0.25120060240963854	0.5652750602409639	0.47207253012048195	0.47372638554216867	0.6056477108433734	0.5483890361445783	0.3998718072289157	0.36212578313253013	0.41143373493975904	0.4106720481927711	0.5380361445783133	0.35183915662650606	0.5979075903614458	0.424450843373494	0.5228826506024097	0.5700769879518073	0.347546265060241	0.3831269879518072	0.3590131325301205	0.3174724096385542	0.4583431325301205	0.34128530120481926	0.4027179518072289	0.5957061445783133	0.5680634939759036	0.3260185542168675	0.08607397590361446	0.0818055421686747	0.18012614457831325	0.18368469879518073	0.23254301204819278	0.2264377108433735	0.23911481927710843	0.21662963855421688	0.06375698795180723	0.09100156626506024	0.2530477108433735	0.5782432530120482	0.2342466265060241	0.5724986746987952	0.24108975903614457	0.12469951807228916	0.14504192771084337	0.17052686746987952
MYOD1	ENSG00000129152	chr11	17718561	17721194	2634	9.8501e-258	0.229494	179	0.37627	0.14678	Lymphoid vs. Squamous	hypermeth	0.14723317250495704	0.4385614918851436	0.5369375259715387	0.3766254203796978	0.062002865168539326	0.0969376404494382	0.10037876404494382	0.06730191011235954	0.30917275280898876	0.09906977528089887	0.10395185393258427	0.06262685393258427	0.16301112359550562	0.05779606741573034	0.1019488202247191	0.3075057303370787	0.15782511235955057	0.13018078651685394	0.27427522471910115	0.24995741573033708	0.15902123595505618	0.30989196629213484	0.43878662921348316	0.24898241573033708	0.4134352247191011	0.5037282022471911	0.2432179213483146	0.18638522471910113	0.5694239325842697	0.6897137640449438	0.5582757303370787	0.620958202247191	0.44231067415730335	0.4967052808988764	0.293505	0.31230365168539326	0.6246765730337078	0.5292334269662922	0.4125730337078652	0.5872784269662922	0.3622539325842697	0.4758202808988764	0.4870905617977528	0.7397295505617978	0.7670705056179775	0.6650658522727273	0.33218696629213484	0.598031404494382	0.554361011235955	0.5150233707865168	0.40596842696629215	0.5781732584269663	0.5286400561797753	0.586144213483146	0.44014657303370786	0.7162958426966292	0.3909776404494382	0.5027881460674157	0.5544211797752809	0.49786842696629213	0.5272899438202248	0.5729812921348315	0.46539191011235953	0.39781067415730337	0.372034606741573	0.441118595505618	0.6146310112359551	0.4800849438202247	0.49804539325842695	0.5821805056179775	0.5400355617977528	0.2964667415730337	0.3757202247191011	0.22770224719101123	0.3216120786516854	0.4671981460674157	0.34314685393258426	0.46551943820224717	0.37192426966292136	0.3802106179775281	0.17469157303370786	0.15767926966292134	0.3361070224719101	0.27679926966292134	0.2827387078651685	0.5580487640449439	0.2561838202247191	0.11762539325842697	0.16899842696629214	0.3794498314606742
CALCA	ENSG00000110680	chr11	14971831	14973165	1335	1.0693000000000001e-48	0.20985	57	0.35202	0.14217	Columnar vs. Squamous	hypermeth	0.14386299369747899	0.29416156746031746	0.3556655357142857	0.2950250554187192	0.08132964285714285	0.12796089285714285	0.12462892857142857	0.08118	0.11140875	0.07928714285714286	0.11870607142857142	0.10701446428571429	0.14002571428571428	0.08309446428571428	0.11316071428571428	0.29779500000000003	0.1779467857142857	0.21209660714285714	0.18437285714285714	0.22879214285714286	0.1768707142857143	0.45984964285714286	0.37599785714285716	0.20555482142857143	0.3123225	0.1716682142857143	0.3203885714285714	0.13091767857142858	0.1402605357142857	0.33272214285714286	0.44986160714285717	0.18965535714285714	0.28538339285714287	0.21579946428571428	0.32421732142857146	0.1097394642857143	0.63438375	0.16290785714285713	0.4732780357142857	0.5687866071428571	0.4407782142857143	0.3540267857142857	0.39895767857142855	0.7651619642857143	0.5124194642857143	0.4234689285714286	0.28051125	0.35160625	0.2911792857142857	0.53141375	0.5397291071428572	0.2126880357142857	0.26981	0.14792875	0.2195007142857143	0.20966660714285715	0.3228642857142857	0.540755	0.22225642857142858	0.12310696428571428	0.09802571428571429	0.5563339285714286	0.3844051785714286	0.46342	0.20168964285714286	0.18801946428571428	0.3448626785714286	0.20634803571428573	0.2497844642857143	0.37904839285714287	0.41135125	0.3660076785714286	0.39865	0.22980625	0.31778410714285715	0.31119928571428573	0.32610410714285715	0.2690767857142857	0.3393798214285714	0.25973339285714286	0.09929392857142857	0.19190714285714286	0.31814714285714285	0.10926607142857143	0.3129175	0.5412835714285714	0.1807505357142857	0.1553044642857143	0.19789785714285715	0.24595392857142856
TIMP3	ENSG00000100234	chr22	32801394	32802061	668	2.2849999999999998e-128	0.325944	66	0.40736	0.081419	Columnar vs. Squamous	hypermeth	0.08207894117647059	0.3313469117038875	0.40860358041958045	0.2733892519893899	0.011446923076923077	0.031190307692307694	0.010233076923076923	0.007894307692307692	0.2933783076923077	0.012028	0.013354153846153845	0.02973123076923077	0.059512	0.009644923076923077	0.05178276923076923	0.21468923076923077	0.044227076923076925	0.05334569230769231	0.2534753846153846	0.20794846153846155	0.09146015384615384	0.01067276923076923	0.3656589230769231	0.19633584615384617	0.0774925	0.20967846153846154	0.22111707692307692	0.021203384615384617	0.5774441538461539	0.6159283076923077	0.6709892307692308	0.5294869230769231	0.35742169230769233	0.23283984615384615	0.13989753846153846	0.2010336923076923	0.6773755384615384	0.5529104615384616	0.306758064516129	0.6029224615384615	0.313826	0.14130323076923076	0.34580646153846156	0.7757141538461538	0.620356	0.7453116923076923	0.24327200000000002	0.5370133846153846	0.26184953846153847	0.41922446153846155	0.5700395384615384	0.3518003076923077	0.32069846153846154	0.5141435384615385	0.1427193846153846	0.4675449230769231	0.24191384615384615	0.6032015384615385	0.4137146153846154	0.16766523076923076	0.18923800000000002	0.4893209230769231	0.33865184615384614	0.27878215384615385	0.07576923076923077	0.20585584615384617	0.5484069230769231	0.18508215384615384	0.28985876923076925	0.6321133846153846	0.41168707692307693	0.3907749230769231	0.218972	0.09395200000000001	0.27265723076923076	0.4300413846153846	0.19975215384615386	0.26477984615384614	0.3128363076923077	0.2049789230769231	0.13771076923076922	0.03475584615384615	0.19497046153846154	0.33947492307692306	0.18013738461538462	0.43895953846153846	0.24307707692307692	0.01323076923076923	0.128938	0.37276046153846154
APC	ENSG00000134982	chr5	112737402	112738393	992	2.8974999999999996e-59	0.3421	41	0.42674	0.084638	Erythroid vs. Squamous	hypermeth	0.07583151470588236	0.42088416666666667	0.3798940460526316	0.2703662681255526	0.03311	0.02234875	0.01427075	0.016722749999999998	0.044311500000000004	0.02906575	0.0258755	0.021330750000000002	0.17337	0.016387	0.01130975	0.37378025000000004	0.03208325	0.0248715	0.17901025	0.03332425	0.23796375	0.36692525	0.601502	0.36612475	0.46184575	0.72074425	0.3245835	0.11786925	0.74114875	0.492046	0.04633925	0.00625	0.6448969999999999	0.72918075	0.2673575	0.554909	0.23815025	0.722627	0.17341475	0.65866175	0.4792775	0.625779	0.5418775	0.8929165	0.67502575	0.5969302631578948	0.03773475	0.01892775	0.01936575	0.47657975	0.42430650000000003	0.5918935	0.0205225	0.38553825	0.3558245	0.47168975	0.010958	0.486341	0.54495925	0.014159999999999999	0.0283995	0.38383	0.48475925	0.40319525	0.19202725	0.41247825	0.3101295	0.15863275	0.463954	0.006478	0.401945	0.28099475	0.01625	0.29544775	0.185057	0.49743925	0.18976425	0.490963	0.456748	0.1510985	0.16009075	0.222776	0.44408925	0.30893875	0.2016905	0.02564102564102564	0.056205	0.012034	0.22997700000000001	0.39798775000000003
DAPK1	ENSG00000196730	chr9	87658125	87658661	537	1.3759e-20	0.294215	10	0.91615	0.62194	Columnar vs. Squamous	hypermeth	0.5964664705882353	0.8681483950617284	0.9127181818181818	0.9016998850574712	0.5195577777777778	0.6483822222222222	0.47147666666666666	0.5702988888888889	0.4927077777777778	0.46809666666666666	0.6764222222222223	0.2826944444444444	0.5530922222222222	0.46936666666666665	0.6132155555555555	0.8027422222222222	0.8541944444444445	0.5573433333333333	0.8335066666666666	0.61746	0.7093722222222222	0.9356666666666666	0.9308288888888889	0.8539388888888889	0.9682533333333333	0.8552788888888889	0.5740744444444444	0.8456122222222222	0.9776611111111111	0.8621511111111111	0.9071266666666666	0.8627344444444445	0.9250033333333333	0.9567911111111111	0.7037444444444444	0.8123022222222223	0.9002522222222222	0.9154844444444444	0.8397666666666667	0.8670155555555555	0.94096	0.8976655555555555	0.9371211111111111	0.9347444444444445	0.9639444444444445	0.9629633333333333	0.8542533333333333	0.8965888888888889	0.9682733333333333	0.9326333333333333	0.8933933333333334	0.9541355555555555	0.8339466666666666	0.9894177777777777	0.9774233333333333	0.8219222222222222	0.8577744444444444	0.8338477777777777	0.9431766666666667	0.9703033333333333	0.8482955555555556	0.8839855555555556	0.9319355555555555	0.9053333333333333	0.8347055555555556	0.9200944444444444	0.9118966666666667	0.8757255555555555	0.9440677777777777	0.9351777777777778	0.9325722222222222	0.7916322222222222	0.8577611111111111	0.8737622222222222	0.9228622222222223	0.8851844444444444	0.7990622222222222	0.8405022222222223	0.8444344444444445	0.8891122222222222	0.9149833333333334	0.9546777777777777	0.8479044444444445	0.9689333333333333	0.9404844444444445	1	0.90842	0.9853288888888889	0.9310666666666667	0.91769
EYA4	ENSG00000112319	chr6	133240436	133243048	2613	0	0.449001	139	0.58814	0.13914	Columnar vs. Squamous	hypermeth	0.1390933546462063	0.5073077370218874	0.5891418214756258	0.37893884057971017	0.056840434782608695	0.0769122463768116	0.04875746376811594	0.04752311594202899	0.2610339130434783	0.040334347826086955	0.06659014492753623	0.0664836231884058	0.19508094202898552	0.044277971014492754	0.07495166666666667	0.3884781884057971	0.13960152173913043	0.18290978260869564	0.268193115942029	0.288060652173913	0.11855789855072464	0.3292790579710145	0.6097570289855072	0.3594486956521739	0.4017834057971015	0.5059916666666666	0.2793000740740741	0.13174355072463767	0.5378785401459854	0.6820439130434782	0.6285195652173913	0.7350686231884058	0.532866884057971	0.5985233333333333	0.44024108695652175	0.4326253623188406	0.7898241304347826	0.6045504347826087	0.5320939130434783	0.6922353623188405	0.45813978260869564	0.5190888405797102	0.44756557971014493	0.8664060869565218	0.6984221739130435	0.7189252898550724	0.5124197101449275	0.5620436231884058	0.5999369565217392	0.6156368115942029	0.584619420289855	0.5643547826086956	0.5530147826086956	0.6995026086956522	0.41455123188405796	0.6679611594202899	0.3985577536231884	0.6773382608695652	0.5925651449275362	0.5622271014492753	0.5556076086956522	0.555095652173913	0.49569021739130437	0.4755809420289855	0.44382369565217394	0.3799018115942029	0.47749485507246375	0.4378823913043478	0.5557621014492754	0.6308729710144928	0.5366949275362319	0.38012471014492755	0.24455239130434783	0.3210878260869565	0.20668934782608697	0.32506702898550727	0.31904934782608696	0.40893434782608695	0.4032910144927536	0.3935069565217391	0.15743971014492752	0.196025	0.36979376811594206	0.4084717391304348	0.23831811594202898	0.5257063043478261	0.29263333333333336	0.17732260869565217	0.27815884057971013	0.3542544202898551
TERT	ENSG00000164362	chr5	1281915	1282730	816	9.360199999999999e-66	0.439368	25	0.81974	0.38037	Lymphoid vs. Squamous	hypermeth	0.3700879656862745	0.7730781712962963	0.8274941477272727	0.8176842097701149	0.13505916666666667	0.22118041666666666	0.16402708333333332	0.10027166666666666	0.27612416666666667	0.10067041666666666	0.14215916666666667	0.28068125	0.44931208333333333	0.33228583333333334	0.32577208333333335	0.62664875	0.6479320833333333	0.4834325	0.6652533333333334	0.6506370833333334	0.6900483333333334	0.7830383333333334	0.7261945833333333	0.7864454166666667	0.8278133333333333	0.8216208333333334	0.6867045833333333	0.7318695833333333	0.7730704166666666	0.8125216666666667	0.7650075	0.71060875	0.8120504166666667	0.77736	0.71612	0.7290266666666667	0.84077625	0.74962	0.86555875	0.8309241666666667	0.8287941666666666	0.8559745833333333	0.8550020833333334	0.8385333333333334	0.8136020833333334	0.8951704166666666	0.6402820833333334	0.76222375	0.8787391666666666	0.8327025	0.8654483333333334	0.8342241666666667	0.8652954166666667	0.87147125	0.8245208333333334	0.87877625	0.7666495833333333	0.7922908333333333	0.83127375	0.88138375	0.76158875	0.5912179166666667	0.85276375	0.8436216666666667	0.8571541666666667	0.79720875	0.8458904166666666	0.7955533333333333	0.8584225	0.8061383333333333	0.7682254166666667	0.74294	0.8304691666666667	0.8447858333333333	0.88393625	0.852025	0.8286033333333334	0.8719358333333334	0.8153708333333334	0.8154145833333334	0.8422066666666667	0.8387479166666667	0.7835491666666666	0.77197	0.8479666666666666	0.8578129166666667	0.84944875	0.7877908333333333	0.811335	0.8203370833333333
WIF1	ENSG00000156076	chr12	65121022	65121802	781	3.7921999999999995e-97	0.336333	62	0.44883	0.1125	Erythroid vs. Squamous	hypermeth	0.10894965284474445	0.44766408014571946	0.374393606557377	0.2552503847812132	0.06290524590163935	0.08291409836065573	0.07156098360655738	0.051426229508196725	0.26368147540983605	0.0577416393442623	0.11192393442622951	0.03919770491803279	0.1295811475409836	0.05287901639344262	0.059832622950819675	0.23007770491803278	0.09800950819672131	0.09220967213114754	0.22808278688524591	0.1600865573770492	0.06003377049180328	0.5629298360655738	0.35319327868852457	0.4965972131147541	0.4513093442622951	0.4126204918032787	0.1996093442622951	0.17673590163934427	0.40451868852459016	0.6226180327868852	0.9100311475409836	0.6423108196721311	0.33319573770491806	0.3222352459016393	0.22769295081967214	0.3794965573770492	0.7600709836065573	0.5335645901639344	0.2692232786885246	0.6657949180327869	0.42511803278688526	0.24383967213114754	0.2742754098360656	0.9529396721311475	0.8081881967213115	0.5696722950819673	0.14056688524590163	0.3569822950819672	0.1638806557377049	0.3391427868852459	0.21742540983606556	0.336812131147541	0.3141890163934426	0.1956239344262295	0.19731327868852458	0.3246739344262295	0.2996286885245902	0.3905340983606557	0.41494196721311477	0.2706827868852459	0.33443327868852457	0.5600329508196722	0.3475816393442623	0.4608116393442623	0.12069033898305084	0.22040639344262294	0.23730852459016394	0.3963859016393443	0.3842759016393443	0.4056811475409836	0.41115262295081967	0.27497672131147544	0.201542131147541	0.12533262295081968	0.19706573770491803	0.24421081967213115	0.3165639344262295	0.25655081967213117	0.2533577049180328	0.31875147540983606	0.06587409836065573	0.13909803278688526	0.17591737704918034	0.12254491803278689	0.18669590163934427	0.46633475409836067	0.22007311475409835	0.05915393442622951	0.035508688524590167	0.19838131147540983
ID4	ENSG00000172201	chr6	19836619	19837808	1190	5.291299999999998e-227	0.394173	94	0.49837	0.1042	Columnar vs. Squamous	hypermeth	0.10409418089816572	0.3786888291517324	0.4988997018572825	0.3426793770856507	0.019778494623655912	0.04109397849462366	0.04433279569892473	0.059389032258064516	0.09957172043010754	0.01559258064516129	0.015195053763440861	0.061725913978494626	0.1494168817204301	0.06281483870967743	0.08687924731182796	0.20442763440860215	0.1988383870967742	0.04328451612903226	0.2496898924731183	0.22227225806451614	0.19529784946236559	0.48340483870967743	0.06920032258064517	0.1437847311827957	0.38708913978494625	0.4740331182795699	0.44255849462365593	0.20570322580645162	0.7521122580645161	0.2643221505376344	0.6543203225806452	0.6481943010752688	0.17049741935483873	0.17330494623655915	0.1879698924731183	0.5428916129032259	0.7979474193548387	0.2069679569892473	0.2120967741935484	0.5833996774193548	0.3055979569892473	0.45571	0.5414879569892473	0.9311941935483871	0.6123654838709678	0.7190438709677419	0.5493108602150538	0.2830758064516129	0.7047255913978494	0.5628231182795699	0.3229779569892473	0.3091184946236559	0.32265064516129033	0.6281327956989248	0.31589827956989247	0.7367982795698925	0.3761572043010753	0.6411305376344086	0.35529978494623654	0.13361763440860217	0.585277311827957	0.5245974193548387	0.4368132258064516	0.4649868817204301	0.36350569892473117	0.24221161290322582	0.2556595698924731	0.3140012903225807	0.4680258064516129	0.737998817204301	0.5260420430107527	0.5324331182795699	0.2674655913978495	0.295495376344086	0.19311763440860216	0.2631848387096774	0.3728589247311828	0.390415376344086	0.15275698924731182	0.4534261290322581	0.10322505376344086	0.3035827956989247	0.45547602150537636	0.3508610752688172	0.3020524731182796	0.5329323655913979	0.15648935483870968	0.12045462365591397	0.13341086021505377	0.22422096774193548
RBP1	ENSG00000114115	chr3	139539166	139539364	199	3.2718e-9	0.208584	14	0.26996	0.061376	Erythroid vs. Squamous	hypermeth	0.06508298642533937	0.2728608547008547	0.30407178321678324	0.18420424403183025	0.04795692307692308	0.03467692307692308	0.08724846153846154	0.023154615384615385	0.058192307692307696	0.02942923076923077	0.03379846153846154	0.044226153846153846	0.02433153846153846	0.017093846153846154	0.12739307692307691	0.23993307692307692	0.06321692307692307	0.054312307692307694	0.06397923076923077	0.09160384615384616	0.06586384615384615	0.3428423076923077	0.04239923076923077	0.06922692307692307	0.4419976923076923	0.06547230769230769	0.22435923076923076	0.09912153846153846	0.5130369230769231	0.35650846153846155	0.794166923076923	0.5211992307692308	0.04371692307692308	0.020966153846153846	0.1667223076923077	0.1560153846153846	0.43397384615384615	0.32497076923076923	0.29479923076923076	0.6945153846153846	0.18145615384615385	0.1311453846153846	0.06140769230769231	0	0.7223700000000001	0.7819461538461538	0.18540846153846155	0.16535307692307694	0.2859784615384615	0.17536153846153846	0.5016253846153846	0.09484000000000001	0.16293615384615384	0.07350230769230769	0.44576	0.5930461538461539	0.4989169230769231	0.2763284615384615	0.37789846153846157	0.08896076923076923	0.1908223076923077	0.4837623076923077	0.07784846153846153	0.41301846153846156	0.06014	0.05100307692307692	0.12912076923076923	0.24201923076923076	0.15209769230769232	0.5152230769230769	0.3045284615384615	0.28565538461538464	0.05470076923076923	0.1605176923076923	0.20625615384615384	0.09648846153846154	0.022853846153846155	0.07637923076923077	0.17749076923076923	0.2637523076923077	0.07517153846153846	0.08689846153846154	0.18874538461538462	0.06519538461538461	0.21115923076923077	0.40860769230769234	0.22480384615384616	0.05220307692307693	0.11063461538461539	0.1456476923076923
SFRP1	ENSG00000104332	chr8	41308179	41309978	1800	0	0.498505	176	0.60634	0.10784	Columnar vs. Squamous	hypermeth	0.10761727394957983	0.4848746984126984	0.6068120207792208	0.408143521182266	0.021689828571428572	0.02065365714285714	0.013955542857142858	0.016939771428571428	0.14429634285714285	0.02151382857142857	0.006583828571428571	0.04408628571428572	0.1735973142857143	0.03545954285714286	0.02215445714285714	0.3202034857142857	0.1249724	0.08752937142857142	0.27443022857142857	0.3182032	0.18322457142857143	0.14097697142857143	0.5379666285714286	0.26171234285714284	0.43485142857142856	0.4594190857142857	0.30280777142857146	0.20412782857142858	0.6654063428571428	0.5709006857142858	0.6097649714285714	0.7138812571428571	0.5797809714285714	0.5867269714285714	0.40869028571428573	0.37524754285714285	0.7365687428571429	0.5609303428571428	0.5779844	0.6593967428571429	0.4090759428571429	0.5068256	0.6036801714285714	0.8888036571428571	0.7836526285714286	0.7229339428571429	0.4892078285714286	0.6237450285714286	0.582442	0.5167326857142858	0.6367944571428571	0.6411058285714286	0.5876142285714285	0.6778050857142857	0.5531917714285715	0.6329163428571428	0.47345708571428574	0.6425942857142857	0.5662558285714285	0.5162799428571428	0.6353533714285714	0.6025658285714286	0.47954354285714285	0.3357353142857143	0.46440302857142857	0.46053520000000003	0.6973744571428572	0.44116165714285716	0.5419665714285714	0.5908699428571429	0.5986532571428571	0.4339961142857143	0.3240667428571429	0.33035411428571426	0.33708457142857146	0.37982005714285716	0.3579247428571429	0.5207903428571429	0.3454902285714286	0.4285602857142857	0.1346761142857143	0.2666333142857143	0.2998368571428571	0.4251854857142857	0.2833881714285714	0.5298872	0.3542593142857143	0.1291744	0.2512795428571429	0.49094571428571426
TMEFF2	ENSG00000144339	chr2	192194269	192195629	1361	0	0.46637	117	0.54684	0.080469	Columnar vs. Squamous	hypermeth	0.08035057809330629	0.48429007741962354	0.5471945532915361	0.3426667746730083	0.018970172413793104	0.03462810344827586	0.030199741379310346	0.018731551724137933	0.17843275862068966	0.027709137931034484	0.021709396551724137	0.015266293103448276	0.07577646551724138	0.029516120689655173	0.037756293103448274	0.3329925	0.07592862068965517	0.0384076724137931	0.1403598275862069	0.23495991379310346	0.05461525862068965	0.45447603448275864	0.6072763793103448	0.3466087068965517	0.4330421551724138	0.48900543103448274	0.26191405172413795	0.07816836206896552	0.5530814655172414	0.6493615517241379	0.5616989655172414	0.713135775862069	0.5158937068965517	0.5725736206896552	0.2918361206896552	0.47206293103448277	0.6705809482758621	0.6373235344827586	0.40918165217391306	0.5879508620689655	0.48851353448275864	0.3835614655172414	0.41907120689655175	0.872881551724138	0.7467381034482758	0.7585563793103448	0.3360791379310345	0.5536959482758621	0.5346164655172414	0.5584948275862069	0.5063568103448276	0.5494655172413793	0.5320325	0.7027525	0.4288681896551724	0.5975695689655173	0.4027521551724138	0.6416816379310345	0.5049114655172414	0.43854646551724136	0.49318387931034485	0.5390694827586207	0.43729594827586205	0.4713275862068966	0.3731611206896552	0.39241258620689656	0.5736172413793104	0.43181293103448276	0.39342241379310344	0.7002537931034483	0.6106280172413793	0.30623310344827587	0.35894887931034486	0.06063853448275862	0.22371689655172414	0.36639724137931035	0.27399689655172416	0.47412258620689657	0.2549273275862069	0.23539594827586208	0.10764318965517242	0.16311068965517242	0.25646146551724136	0.3825125	0.27237163793103447	0.5729937931034482	0.13613379310344828	0.09172189655172414	0.1114526724137931	0.3655562931034483
CDH13	ENSG00000140945	chr16	82626826	82628192	1367	0	0.480095	107	0.55917	0.079072	Columnar vs. Squamous	hypermeth	0.07924571587125416	0.36684020440251575	0.560540029934688	0.3276290923877684	0.006773490566037736	0.008114433962264151	0.009020471698113208	0.010071603773584905	0.15358415094339622	0.0021604716981132076	0.009583867924528302	0.030935943396226417	0.12731377358490567	0.010217735849056603	0.008740377358490566	0.33216943396226417	0.08382877358490566	0.09203424528301887	0.25241330188679245	0.144795	0.06542009433962265	0.045012547169811325	0.5163919811320755	0.239495	0.31883783018867923	0.4067919811320755	0.22611141509433963	0.11262103773584906	0.3478045283018868	0.22822801886792454	0.5504462264150943	0.5563240566037736	0.3720292452830189	0.4637285849056604	0.42384575471698116	0.2192172641509434	0.5500637735849057	0.5214401886792452	0.5047342452830189	0.6017652830188679	0.3887599056603774	0.49749471698113207	0.46196594339622643	0.6801854716981132	0.6984008490566038	0.7922544339622641	0.4878799038461539	0.5723281132075472	0.5324977358490566	0.44730575471698114	0.5110208490566038	0.7192795283018868	0.5152545283018868	0.67547	0.38264264150943395	0.6640688679245283	0.5766970754716981	0.5980518867924528	0.4543343396226415	0.4925848113207547	0.5816380188679245	0.48304122641509434	0.3712241509433962	0.38585358490566035	0.22236820754716982	0.4104483962264151	0.5408501886792453	0.47158622641509435	0.5442281132075472	0.5072320754716981	0.1935470754716981	0.4202431132075472	0.29121433962264154	0.13355358490566038	0.2715001886792453	0.48241943396226417	0.33990150943396225	0.2909883018867925	0.39247669811320757	0.36560367924528303	0.1447032075471698	0.16535235849056604	0.330502641509434	0.38248018867924527	0.17214292452830188	0.4787766037735849	0.1715427358490566	0.09514839622641509	0.11126735849056604	0.33104716981132076
TAC1	ENSG00000006128	chr7	97731647	97734235	2589	0	0.395997	168	0.56089	0.16489	Columnar vs. Squamous	hypermeth	0.16424817541387812	0.49204644377910844	0.5606649482852477	0.3936105327276482	0.06913862275449102	0.14450035928143712	0.11319508982035928	0.10697748502994012	0.2812094011976048	0.11901197604790419	0.12268850299401197	0.11363646706586826	0.1883897005988024	0.09166730538922156	0.1223945508982036	0.4065968862275449	0.1069225748502994	0.1576622754491018	0.17930485029940119	0.285545628742515	0.18337730538922156	0.2519034131736527	0.662040119760479	0.5850461676646707	0.29696185628742516	0.4943665868263473	0.36573107784431136	0.0703765868263473	0.5817316766467066	0.5177446107784431	0.6649159880239521	0.648788622754491	0.5323147305389222	0.469744371257485	0.45654209580838323	0.45953874251497007	0.8293830538922156	0.48427556886227546	0.48543071856287423	0.6066945508982036	0.4597179640718563	0.4669045508982036	0.42879550898203594	0.8690917964071856	0.7630076646706587	0.7584450898203593	0.35512005988023954	0.652734131736527	0.49942676646706585	0.5032491616766467	0.6165454491017964	0.5605010179640718	0.41381239520958085	0.573258383233533	0.46825796407185627	0.63285	0.46964041916167665	0.5946764670658683	0.5812858083832335	0.4941131137724551	0.5665005988023952	0.5585577245508982	0.48106071856287425	0.4247479041916168	0.4226310179640719	0.4689310179640719	0.5358060479041916	0.5125562874251497	0.5230309580838324	0.6842785029940119	0.613018622754491	0.4378789820359281	0.2719773652694611	0.2598362874251497	0.30098473053892216	0.4515755089820359	0.37307982035928144	0.49646131736526944	0.39435	0.32082041916167664	0.1500146107784431	0.19959419161676648	0.3592847305389222	0.45720844311377246	0.2509522754491018	0.5482458682634731	0.22461383233532936	0.07516688622754492	0.12443101796407185	0.49361035928143715
NELL1	ENSG00000165973	chr11	20668974	20669795	822	1.1221e-100	0.299487	74	0.36714	0.067656	Erythroid vs. Squamous	hypermeth	0.0680396212731668	0.3673204642313546	0.4840926804755604	0.3092841595155619	0.008872876712328767	0.04194602739726028	0.005745753424657534	0.006488767123287671	0.07627150684931507	0.017447123287671232	0.017857534246575345	0.019444520547945206	0.11082219178082192	0.03560438356164384	0.05329041095890411	0.2362332876712329	0.06194698630136986	0.07290082191780822	0.1782108219178082	0.1809390410958904	0.032651506849315066	0.42364602739726026	0.4917249315068493	0.24863068493150686	0.2659584931506849	0.09409191780821918	0.19653150684931509	0.23138589041095892	0.526866301369863	0.6166165753424657	0.6242245205479452	0.5588060273972603	0.13291109589041097	0.1611654794520548	0.1374672602739726	0.04769561643835617	0.7291204109589041	0.6321520547945205	0.4927735616438356	0.6654664383561644	0.5140153424657534	0.49491753424657536	0.42078082191780825	0.6769734246575343	0.6564967123287672	0.7806694520547945	0.1784045205479452	0.6292726027397261	0.39370397260273976	0.5969401369863013	0.5133842465753424	0.4187917808219178	0.4056098630136986	0.2587615068493151	0.26568397260273974	0.564502191780822	0.29930972602739725	0.36799904109589043	0.52440609375	0.46876013698630137	0.5551894520547945	0.4847735616438356	0.445056301369863	0.3315456944444444	0.35165972602739726	0.46193575342465754	0.6474720547945205	0.5527709589041095	0.510537808219178	0.56252	0.521695205479452	0.3587568493150685	0.13474082191780823	0.13375123287671234	0.17712616438356166	0.36516136986301373	0.16275246575342467	0.32521520547945204	0.15776794520547946	0.2251941095890411	0.06022260273972603	0.14270849315068493	0.17574794520547946	0.2012060273972603	0.27907027397260276	0.5299346575342466	0.23398109589041097	0.08196835616438355	0.15964438356164384	0.19432356164383563
AKAP12	ENSG00000131016	chr6	151240004	151241642	1639	0	0.410339	140	0.47397	0.063634	Columnar vs. Squamous	hypermeth	0.06287296233601354	0.4146883801449889	0.47450825551590814	0.3037797738720568	0.0044033812949640285	0.014901942446043166	0.010029424460431655	0.007280503597122302	0.0925146762589928	0.023134892086330936	0.014001870503597122	0.012838489208633093	0.06197755395683453	0.014082661870503598	0.0385068345323741	0.2708488489208633	0.04944352517985612	0.017209064748201438	0.13834690647482015	0.24046805755395684	0.05885172661870504	0.258421654676259	0.464545652173913	0.358658345323741	0.4043079856115108	0.34037007194244606	0.09126382352941177	0.03425913669064748	0.49910258992805756	0.5039231654676259	0.7017571942446044	0.6400117985611511	0.4642541726618705	0.5040819424460432	0.43161920863309355	0.36705517985611513	0.5502671942446044	0.4889696402877698	0.36152208633093524	0.6414296402877698	0.34573374100719423	0.24463575539568347	0.33817424460431655	0.8161678417266187	0.7771312230215828	0.867271654676259	0.28418474820143885	0.5901953237410072	0.5129135251798561	0.4328929496402878	0.3969284558823529	0.5079235971223022	0.2949505035971223	0.4817061870503597	0.18324446043165468	0.5411835251798561	0.44683158273381296	0.5442979856115108	0.47901561151079136	0.2216176978417266	0.4907513669064748	0.630120071942446	0.3406515107913669	0.3260991366906475	0.26584805755395685	0.3220111510791367	0.3882684782608696	0.5062436690647482	0.3938531654676259	0.5857991366906475	0.4887778417266187	0.3378005035971223	0.22139496402877698	0.06964165467625899	0.1560548201438849	0.2276184892086331	0.298333309352518	0.3513871942446043	0.35681258992805753	0.3589002158273381	0.07802489208633094	0.1573820143884892	0.1903751798561151	0.34993575539568345	0.22675892086330934	0.5625641726618705	0.07105618705035971	0.07551244604316547	0.17361194244604317	0.2987759712230216
SST	ENSG00000157005	chr3	187669645	187670570	926	5.751499999999999e-93	0.323563	48	0.60032	0.27676	Columnar vs. Squamous	hypermeth	0.27494167709637046	0.48641244286840035	0.6011458800773695	0.44933637564196627	0.18129595744680851	0.2446772340425532	0.21084148936170213	0.1792472340425532	0.4918870212765957	0.2745214893617021	0.19426468085106383	0.18826595744680852	0.18993744680851063	0.1723968085106383	0.20016425531914894	0.47216829787234044	0.23609170212765956	0.3373221276595745	0.4191985106382979	0.34388468085106383	0.3378436170212766	0.24748489361702128	0.5059727659574468	0.36382574468085105	0.4199174468085106	0.43330978723404256	0.33974333333333334	0.11674170212765958	0.5226306382978724	0.6588353191489362	0.7122855319148936	0.6982389361702128	0.5161729787234043	0.5018459574468085	0.4427374468085106	0.4805508510638298	0.7148838297872341	0.5639617021276596	0.5162851063829788	0.6295640425531915	0.450328085106383	0.5806825531914893	0.5536514893617022	0.7742231914893617	0.7209363829787234	0.6105121276595744	0.5232255319148936	0.6576727659574468	0.6042019148936171	0.6507955319148936	0.4671574468085106	0.679466170212766	0.5567523404255319	0.6977	0.49735531914893616	0.6706929787234043	0.393723829787234	0.652146170212766	0.6707406382978723	0.6104291489361702	0.5732517021276595	0.6613627659574468	0.5806044680851064	0.44871595744680853	0.5169287234042553	0.48649212765957445	0.5407327659574468	0.5445242553191489	0.6213655319148936	0.7058102127659575	0.5172712765957447	0.46882	0.36375382978723403	0.2777844680851064	0.3479293617021277	0.5018040425531914	0.3816423404255319	0.5787093617021276	0.40527446808510637	0.3987376595744681	0.32503191489361705	0.2635389361702128	0.4465263829787234	0.4663995744680851	0.33813574468085106	0.5735397872340425	0.36818021276595747	0.2254376595744681	0.19183170212765957	0.4838693617021277
NTRK3	ENSG00000140538	chr15	88257142	88257906	765	4.4063999999999996e-189	0.485984	56	0.5671	0.081114	Columnar vs. Squamous	hypermeth	0.08146354010695188	0.45693886812570145	0.5689651570247934	0.36238143573667714	0.007940181818181818	0.006703454545454545	0.044322545454545455	0.002435090909090909	0.31185745454545455	0.006060727272727273	0.005511090909090909	0.009012181818181818	0.11431254545454546	0.050125636363636365	0.027513454545454546	0.25356927272727275	0.006060545454545455	0.010591636363636364	0.18980109090909092	0.1994438181818182	0.13961945454545455	0.092338	0.4329989090909091	0.3098036363636364	0.6156245454545455	0.4121069090909091	0.16252944444444445	0.14281654545454545	0.5780765454545455	0.5324610909090909	0.795112909090909	0.7104547272727273	0.47581690909090907	0.5435894545454546	0.3524049090909091	0.5186565454545454	0.49067836363636363	0.6031536363636364	0.45627654545454543	0.5543658181818182	0.4589729090909091	0.5955007272727273	0.3125669090909091	0.894858	0.817880909090909	0.7119916363636364	0.3445770909090909	0.5918698181818182	0.7796178181818182	0.5336229090909091	0.5302841818181818	0.557466	0.7182418181818182	0.6079007272727273	0.38313236363636366	0.5832390909090909	0.29534963636363637	0.6735741818181818	0.560972	0.4392498181818182	0.571999090909091	0.60299	0.4516989090909091	0.460572	0.414848	0.4886410909090909	0.5521865454545455	0.44802709090909093	0.4288374545454546	0.577148	0.4228767272727273	0.27081945454545453	0.23751563636363637	0.2296390909090909	0.1908118181818182	0.3241110909090909	0.21361145454545455	0.3824289090909091	0.3990649090909091	0.35439927272727273	0.191176	0.1968350909090909	0.37079345454545454	0.5158112727272728	0.22964654545454546	0.553878	0.27662345454545456	0.14005036363636364	0.15929127272727273	0.42472872727272726
TUSC3	ENSG00000104723	chr8	15540127	15540703	577	1.1268e-221	0.480645	61	0.57291	0.092269	Columnar vs. Squamous	hypermeth	0.09260803921568628	0.48567359730848864	0.5784385422077922	0.39352800574712643	0.019639166666666666	0.02224066666666667	0.0144495	0.017834333333333334	0.12472633333333334	0.033008333333333334	0.015916	0.04921816666666667	0.16026633333333334	0.04463583333333333	0.04142783333333333	0.28118116666666665	0.028866666666666665	0.105878	0.3391885	0.14659083333333334	0.129269	0.13535816666666667	0.6910846666666667	0.2907881666666667	0.6019895	0.4778056666666667	0.09963760869565218	0.033513	0.6618133333333334	0.664208	0.5820216666666667	0.7526888333333334	0.5372943333333333	0.5761065	0.6115118333333334	0.49925200000000003	0.7074611666666667	0.5530481666666667	0.26654214285714284	0.6446215	0.556558	0.607973	0.6145766666666667	0.8665873333333334	0.8145415	0.8809530952380953	0.4228835	0.5921163333333334	0.540733	0.6356548333333333	0.4187401666666667	0.38141566666666665	0.37835833333333335	0.6909926666666667	0.49003166666666664	0.6761858333333334	0.36415000000000003	0.5317535	0.363829	0.5582628333333334	0.6947295	0.47167033333333336	0.3794925	0.40101633333333336	0.2873868333333333	0.42156716666666666	0.7663341666666666	0.454401	0.38194933333333336	0.6728721666666666	0.595935	0.4365595	0.48113333333333336	0.13605566666666666	0.33415233333333333	0.28917633333333337	0.3536263333333333	0.4376791666666667	0.44679766666666665	0.4506811666666667	0.162588	0.129389	0.33612016666666666	0.6002981666666667	0.282449	0.6237845	0.32724183333333334	0.07062883333333334	0.22517883333333333	0.4561475
TFPI2	ENSG00000105825	chr7	93890054	93891109	1056	9.410299999999999e-261	0.448888	78	0.54407	0.095184	Columnar vs. Squamous	hypermeth	0.09141529411764705	0.5387285642135642	0.5427415643447462	0.3387486296462159	0.008029350649350649	0.012812597402597404	0.01232844155844156	0.009355194805194806	0.16728844155844155	0.028973636363636365	0.016301558441558443	0.06656727272727272	0.1662909090909091	0.019858571428571427	0.02801077922077922	0.3547723376623377	0.05909051948051948	0.029102597402597404	0.27661454545454545	0.1569725974025974	0.14169064935064934	0.37617987012987014	0.7997567532467532	0.6081605194805195	0.4976079220779221	0.5239303896103896	0.46839844155844157	0.07667714285714286	0.28783454545454545	0.648718051948052	0.7566161038961039	0.7900606493506493	0.5698989610389611	0.522102077922078	0.5164403896103896	0.5423475324675324	0.8553753246753246	0.40797935064935065	0.44903012987012986	0.5918957142857143	0.42384324675324675	0.3843774025974026	0.5474374025974026	0.891521038961039	0.7600661038961039	0.752751948051948	0.44868051948051946	0.583690909090909	0.5985146753246753	0.431467012987013	0.4494627272727273	0.5620505194805194	0.3813658441558442	0.6337453246753246	0.5412887012987013	0.5461232467532467	0.4080890909090909	0.6666975324675325	0.37978779220779224	0.4759901298701299	0.4814675324675325	0.5121828571428572	0.4642811688311688	0.32456246753246754	0.2560357142857143	0.3794746753246753	0.5057533766233766	0.4816207792207792	0.5086944155844156	0.503965974025974	0.6688118181818182	0.3757875324675325	0.20557311688311689	0.2640116883116883	0.2725884415584416	0.3517001298701299	0.19545194805194804	0.35763636363636364	0.45349272727272727	0.2738905194805195	0.058001948051948055	0.16225675324675326	0.258615974025974	0.40154987012987015	0.2025951948051948	0.5839454545454545	0.24606025974025975	0.08565363636363636	0.09134688311688312	0.3781685714285714
ELOVL5	ENSG00000012660	chr6	53347666	53349505	1840	1.0119999999999999e-255	0.260107	167	0.30221	0.042106	Columnar vs. Squamous	hypermeth	0.04210566265060241	0.38402510374832666	0.3025492497261774	0.17948225384295804	0.0035407831325301206	0.007101987951807229	6.693373493975904e-4	0.0015410240963855421	0.021574939759036144	0.018458192771084337	0.0010829518072289156	3.7650602409638556e-4	0.05825861445783132	0.002383132530120482	0.017370722891566263	0.30850831325301203	0.013803072289156627	0.0036707831325301205	0.02331421686746988	0.2150989156626506	0.01904277108433735	0.43429951807228917	0.6170913253012048	0.19824222891566265	0.3464056626506024	0.02969066265060241	0.20476397590361445	0.005153373493975904	0.6546962650602409	0.13993909638554217	0.6294660240963855	0.7454927710843373	0.4944839156626506	0.5714587349397591	0.4013142168674699	0.33929668674698793	0.49696301204819276	0.5553051204819277	0.048389277108433736	0.3649063253012048	0.19780246987951808	0.15735343373493976	0.1721783734939759	0.860936686746988	0.8212830722891566	0.6296306626506024	0.07385566265060241	0.4069102409638554	0.21773560240963855	0.04958150602409639	0.04198090361445783	0.24115361445783132	0.06998602409638555	0.07988969879518072	0.21090650602409639	0.324535421686747	0.4531543373493976	0.5566859638554217	0.3809209638554217	0.01992632530120482	0.32476969879518075	0.5777818674698795	0.30975018072289157	0.2571972891566265	0.0951178313253012	0.19375506024096387	0.23475385542168675	0.20316686746987953	0.19431126506024096	0.15187331325301204	0.14613246987951808	0.3155298795180723	0.21544879518072288	0.030741385542168674	0.009485843373493976	0.1382125903614458	0.030739036144578312	0.3822835542168675	0.061403614457831324	0.21556626506024096	0.08023072289156627	0.03506012048192771	0.057637951807228915	0.34444602409638553	0.21689018072289157	0.5589629518072289	0.01970933734939759	0.014222168674698795	0.07962530120481928	0.034949638554216865
ZNF790	ENSG00000197863	chr19	36849071	36851856	2786	5.402599999999999e-220	0.391366	93	0.47008	0.078715	Columnar vs. Squamous	hypermeth	0.07216619565217391	0.3423645638130547	0.46553415145774346	0.23693807387972682	0.02197108695652174	0.015077717391304347	0.022050760869565218	0.024777173913043477	0.020532391304347825	0.020035434782608698	0.029229021739130435	0.014361521739130434	0.05070489130434783	0.037159239130434785	0.02536054347826087	0.3187784782608696	0.046381304347826086	0.03556771739130435	0.26238119565217394	0.20748836956521738	0.07496847826086957	0.10549978260869565	0.26192021739130433	0.16263597826086956	0.2954594186046512	0.37697097826086956	0.2652268604651163	0.03202858695652174	0.4618194565217391	0.24658989130434783	0.7937679347826087	0.016304347826086956	0.5216682608695652	0.5734317391304348	0.1904304347826087	0.32405152173913043	0.6092051086956521	0.5201669565217392	0.4053846739130435	0.6648434782608695	0.49408728260869567	0.38263815217391306	0.42510478260869566	0.7594981318681319	0.6303136956521739	0.5562290697674419	0.04773695652173913	0.3403195652173913	0.05547945652173913	0.5395482608695652	0.512648152173913	0.5381306521739131	0.3743102173913043	0.6631745652173913	0.11112108695652174	0.564425	0.36512	0.5802241304347826	0.6775167391304348	0.4355213043478261	0.5237606521739131	0.4792441304347826	0.08786815217391304	0.3516317391304348	0.04779391304347826	0.31170891304347825	0.5466921739130435	0.14759315217391306	0.07674380434782609	0.5731291304347826	0.07933706521739131	0.22746032608695652	0.2079758695652174	0.15964923913043477	0.06389445652173913	0.2089561956521739	0.2558388043478261	0.4008813043478261	0.2013658695652174	0.24736521739130435	0.05973108695652174	0.0776775	0.32052478260869566	0.38942413043478263	0.1457113043478261	0.5845155555555556	0.1445879347826087	0.06618086956521739	0.058711630434782607	0.34900989130434784
ARL10	ENSG00000175414	chr5	176366138	176366542	405	3.1532999999999995e-87	0.386198	38	0.63944	0.25324	Columnar vs. Squamous	hypermeth	0.24594537360890303	0.5924007207207207	0.6326191891891892	0.6033632712022368	0.08124540540540541	0.14766837837837837	0.13941810810810812	0.10728594594594595	0.32637324324324324	0.10307297297297298	0.09726162162162162	0.2382118918918919	0.24991945945945945	0.17857621621621622	0.19527513513513514	0.3538462162162162	0.3523178378378378	0.32954702702702704	0.5200683783783784	0.42419594594594595	0.33678756756756756	0.8495813513513514	0.7934956756756757	0.6798764864864865	0.5973508108108108	0.6176427027027027	0.5252421621621621	0.31321783783783785	0.5399208108108108	0.8685416216216216	0.8092416216216216	0.6902481081081081	0.6239718918918918	0.6522154054054055	0.2673556756756757	0.4241810810810811	0.514634054054054	0.37022162162162164	0.526274054054054	0.6515537837837838	0.6061275675675676	0.6507802702702703	0.6707143243243243	0.9539467567567568	0.7532881081081081	0.47277216216216217	0.4096181081081081	0.633328918918919	0.5446654054054054	0.6634724324324325	0.5077764864864865	0.6665305405405405	0.8474032432432432	0.5662045945945946	0.5533140540540541	0.4964962162162162	0.5959154054054054	0.6503478378378379	0.555122972972973	0.7146737837837838	0.7535691891891891	0.6324824324324324	0.754215945945946	0.6346727027027027	0.3884094594594595	0.6042918918918919	0.6451172972972973	0.6168827027027027	0.7140916216216217	0.7367070270270271	0.7554913513513514	0.648038918918919	0.6748535135135135	0.6739789189189189	0.6697264864864865	0.5414148648648649	0.6399902702702702	0.6752272972972972	0.5627148648648649	0.4046672972972973	0.4554437837837838	0.5615083783783784	0.49056594594594594	0.6998827027027027	0.5885545945945946	0.7934283783783784	0.469942972972973	0.31090702702702705	0.43347972972972976	0.7208464864864865
CACNA2D2	ENSG00000007402	chr3	50502550	50503169	620	1.6646999999999997e-70	0.259613	44	0.31493	0.055314	Columnar vs. Squamous	hypermeth	0.056495376196990424	0.2739016453662965	0.3174617825052854	0.23765864474739376	0.017312790697674416	0.04206046511627907	0.025314418604651164	0.03485325581395349	0.061220000000000004	0.043712093023255814	0.025343023255813953	0.033606511627906975	0.055863953488372094	0.03180186046511628	0.06658418604651163	0.2304106976744186	0.042481627906976745	0.0338546511627907	0.12390558139534884	0.07026046511627906	0.02183581395348837	0.05145604651162791	0.10635860465116279	0.20628906976744185	0.48166139534883723	0.26184348837209304	0.21526511627906977	0.06378767441860465	0.3352662790697674	0.11974976744186046	0.5813537209302325	0.517490465116279	0.22005023255813955	0.05872813953488372	0.3064539534883721	0.16404232558139534	0.4275574418604651	0.34588697674418606	0.4669889189189189	0.0754139534883721	0.23826418604651162	0.1673072093023256	0.22087906976744187	0.7686737209302326	0.49795372093023255	0.6434262790697675	0.06953558139534884	0.547263023255814	0.12665232558139536	0.13533883720930232	0.24584976744186046	0.24148488372093024	0.07622441860465116	0.4270860465116279	0.19847162790697676	0.51330875	0.39979488372093025	0.5473746511627907	0.3567879069767442	0.17981162790697675	0.30725674418604654	0.6461102325581395	0.11272651162790698	0.3785095348837209	0.13041697674418604	0.1996260465116279	0.09931744186046512	0.1699706976744186	0.2291306976744186	0.259646511627907	0.35632651162790696	0.33755162790697674	0.21832837209302325	0.11966720930232558	0.1543432558139535	0.1497074418604651	0.11267441860465116	0.27342744186046514	0.08177046511627907	0.3688953488372093	0.05172930232558139	0.16987023255813954	0.49046418604651165	0.36078627906976746	0.14755651162790698	0.6432237209302326	0.2376093023255814	0.06692930232558139	0.04237116279069768	0.2834139534883721
ISM2	ENSG00000100593	chr14	77498134	77498441	308	7.651799999999999e-45	0.291315	27	0.38847	0.097159	Columnar vs. Squamous	hypermeth	0.0992083257918552	0.29413837606837606	0.3945892832167832	0.2688390848806366	0.03243076923076923	0.06639076923076923	0.04110807692307692	0.064685	0.16421538461538462	0.08639269230769231	0.07066846153846154	0.08940000000000001	0.12983769230769232	0.06121884615384615	0.1385603846153846	0.25903653846153846	0.05862653846153846	0.097115	0.19537346153846155	0.08847153846153846	0.04301038461538462	0.5201323076923077	0.5187573076923077	0.08524076923076923	0.34080076923076924	0.47603615384615383	0.2300696153846154	0.04497307692307692	0.03683	0.17228576923076924	0.6840846153846154	0.6358357692307692	0.2810280769230769	0.09093576923076924	0.20413846153846155	0.2622411538461539	0.20265576923076922	0.09989307692307692	0.4085523076923077	0.650065	0.5757211538461539	0.2021569230769231	0.3039165384615385	0.6315476923076924	0.8304088461538461	0.5122723076923077	0.24730884615384616	0.4188557692307692	0.27840846153846155	0.3896523076923077	0.4300869230769231	0.19698230769230768	0.18324346153846155	0.1702223076923077	0.1917523076923077	0.33774	0.5523434615384616	0.5566434615384616	0.3678769230769231	0.21840500000000002	0.43535423076923074	0.5561026923076923	0.1586723076923077	0.359635	0.10604884615384616	0.41242961538461537	0.28240576923076927	0.31879576923076924	0.33455576923076924	0.4525296153846154	0.17978076923076924	0.5946069230769231	0.32826500000000003	0.09381961538461539	0.24047730769230768	0.19802538461538463	0.11157	0.3470926923076923	0.1619619230769231	0.25641653846153845	0.11675615384615384	0.3018438461538462	0.1291973076923077	0.38594076923076925	0.2821476923076923	0.4733765384615385	0.23919384615384615	0.09108884615384616	0.13568307692307693	0.14791384615384615
TRANK1	ENSG00000168016	chr3	36945214	36945350	137	1.5395999999999998e-22	0.383756	10	0.57338	0.18963	Columnar vs. Squamous	hypermeth	0.16799542483660132	0.43399925925925925	0.5599076767676767	0.3892550957854406	0.045983333333333334	0.06837555555555555	0.10687222222222222	0.09294666666666666	0.2753933333333333	0.07820444444444444	0.03824222222222222	0.07575777777777778	0.16821222222222224	0.07147888888888888	0.030561111111111112	0.4393011111111111	0.29702333333333336	0.1847	0.4047422222222222	0.39809	0.08003777777777778	0.46515222222222224	0.15740666666666667	0.16713333333333333	0.5384466666666666	0.31026888888888887	0.38425888888888887	0.39094	0.3698633333333333	0.7396222222222222	0.61433	0.8593066666666667	0.3253844444444444	0.17682333333333333	0.6601944444444444	0.22020777777777778	0.6274911111111111	0.43478666666666665	0.37037	0.6569866666666667	0.5407388888888889	0.6865588888888889	0.4629588888888889	0.7489988888888889	0.7262	0.09777555555555556	0.36496	0.7275733333333333	0.5277877777777777	0.42728777777777777	0.6386533333333333	0.6365277777777778	0.6758233333333333	0.6697077777777778	0.5545644444444444	0.6085544444444444	0.3722522222222222	0.6067	0.6527944444444445	0.4615388888888889	0.47302555555555553	0.7685433333333334	0.3457966666666667	0.3747622222222222	0.13519777777777778	0.5317066666666667	0.5385811111111111	0.5177055555555555	0.36471444444444445	0.8076688888888889	0.4118088888888889	0.5210777777777778	0.35183555555555557	0.10672111111111111	0.21090111111111112	0.3460311111111111	0.23445666666666667	0.42777777777777776	0.36112555555555553	0.3924066666666667	0.41492333333333337	0.23705777777777778	0.33286333333333334	0.47568777777777776	0.1265211111111111	0.6721155555555556	0.25745666666666667	0.18670333333333333	0.40443444444444443	0.43181555555555556
TUBA3FP	ENSG00000284130	chr22	21013945	21014106	162	2.1786e-29	0.309139	12	0.3802	0.07106	Columnar vs. Squamous	hypermeth	0.07304342245989305	0.17079979797979797	0.38687946280991736	0.23346899686520375	0.01948	0.05030272727272728	0.028466363636363637	0.020201818181818182	0.1143209090909091	0.015584545454545455	0.014568181818181819	0.04288454545454545	0.11956909090909092	0.02604090909090909	0.08002363636363637	0.14959363636363637	0.10944	0.02904	0.20351363636363637	0.13633545454545454	0.08237272727272726	0.06811272727272727	0.5218254545454546	0.09566272727272727	0.23116818181818183	0.10428636363636364	0.1956709090909091	0.060064545454545454	0.11893909090909091	0.057797272727272725	0.3608581818181818	0.54935	0.11082545454545455	0.049975454545454545	0.08333363636363636	0.14015454545454545	0.018181818181818184	0.11013818181818182	0.1980518181818182	0.55248	0.2742009090909091	0.3065872727272727	0.28283545454545456	0.7303763636363636	0.6657727272727273	0.80303	0.2631463636363636	0.4052490909090909	0.24400454545454545	0.4527409090909091	0.2961009090909091	0.4124509090909091	0.24271818181818183	0.37889	0.16467909090909091	0.4204690909090909	0.3359890909090909	0.4386472727272727	0.28601	0.27256636363636366	0.28240363636363636	0.4185927272727273	0.18082	0.4703090909090909	0.16296181818181818	0.3622936363636364	0.20199818181818183	0.12698636363636365	0.28999545454545456	0.48962	0.21761090909090908	0.24815636363636365	0.19153363636363638	0.08711454545454546	0.15008636363636363	0.16565545454545455	0.12183181818181818	0.26025363636363635	0.19630727272727272	0.32979363636363634	0.07531363636363636	0.1356690909090909	0.18617	0.3368745454545455	0.24121363636363635	0.49928636363636364	0.21076090909090908	0.08804636363636363	0.22087636363636365	0.10446909090909091
TEPP	ENSG00000159648	chr16	57985200	57985618	419	1.1873e-93	0.43495	34	0.51183	0.076882	Columnar vs. Squamous	hypermeth	0.07299176470588235	0.39668890572390575	0.5105485709366391	0.33618950888192267	0.049076666666666664	0.05054909090909091	0.013467878787878789	0.010667272727272727	0.14007242424242425	0.012852727272727273	0.022270909090909088	0.016474242424242422	0.10419696969696969	0.03724636363636364	0.04029454545454546	0.22462363636363636	0.07873515151515152	0.06323363636363637	0.14785424242424242	0.17351272727272726	0.05573151515151515	0.05678848484848485	0.5905615151515151	0.27362545454545456	0.38311636363636364	0.44934545454545455	0.24494878787878788	0	0.6548657575757576	0.43207242424242426	0.7487772727272727	0.6874760606060606	0.25852121212121215	0.12878242424242425	0.5742642424242425	0.30170575757575757	0.5261542424242425	0.5231178787878787	0.3062769696969697	0.6790278787878787	0.3910921212121212	0.4247430303030303	0.5192921212121212	0.8434342424242425	0.9544833333333334	0.9765625	0.21715	0.6288657575757576	0.3036118181818182	0.42900757575757575	0.44779545454545455	0.4016724242424242	0.19197424242424244	0.3590884848484849	0.47472030303030305	0.5418172727272728	0.2400651515151515	0.7536839393939394	0.6158812121212122	0.2683287878787879	0.5697709090909091	0.7411209090909091	0.3933521212121212	0.4747121212121212	0.28005242424242427	0.36014575757575756	0.42876	0.26602363636363635	0.5296742424242424	0.6142757575757576	0.4130333333333333	0.44802757575757574	0.3237778787878788	0.1274951515151515	0.19053121212121213	0.48625454545454544	0.25380363636363634	0.4062769696969697	0.33155545454545454	0.17148757575757576	0.12257090909090909	0.10482030303030303	0.2765342424242424	0.46152424242424245	0.26053333333333334	0.44935848484848484	0.1268939393939394	0.08261666666666666	0.22755363636363637	0.39672969696969695
VANGL2	ENSG00000162738	chr1	160399572	160400079	508	1.9662e-37	0.406143	13	0.70606	0.29992	Lymphoid vs. Squamous	hypermeth	0.29800627450980394	0.6447984413580247	0.6975812878787879	0.7035138218390805	0.1682625	0.10841	0.1168975	0.205985	0.346495	0.17375416666666668	0.1520675	0.15734666666666666	0.3257216666666667	0.37549666666666665	0.21958333333333335	0.60118	0.4173441666666667	0.4038791666666667	0.4951816666666667	0.42247583333333333	0.37602583333333334	0.570385	0.699095	0.6115566666666666	0.7834175	0.7366275	0.9444444444444444	0.40340166666666666	0.58671	0.7232091666666667	0.6726733333333333	0.5768208333333333	0.43871166666666667	0.47726416666666666	0.7025441666666666	0.7768483333333334	0.7507208333333333	0.49380666666666667	0.658135	0.7496158333333334	0.6857633333333333	0.6799000000000001	0.6690825	0.8729166666666667	0.8297875	0.32698333333333335	0.6946516666666667	0.7831991666666667	0.7588216666666666	0.705265	0.6849116666666667	0.7071058333333333	0.6995025	0.7736091666666667	0.6254075	0.7864183333333333	0.6475408333333333	0.6860933333333333	0.6666624999999999	0.6719783333333333	0.6415716666666667	0.7447283333333333	0.7721866666666667	0.7557616666666667	0.8147758333333334	0.7565275	0.5539983333333334	0.7647783333333333	0.7348066666666666	0.7996733333333333	0.7581066666666667	0.80602	0.7300508333333333	0.7159558333333333	0.8437808333333333	0.6247683333333334	0.586905	0.8515016666666666	0.7943025	0.6805424999999999	0.6521266666666666	0.6358775	0.5721791666666667	0.8028516666666666	0.8758316666666667	0.7906566666666667	0.4688408333333333	0.44831333333333334	0.5463541666666667	0.5196983333333334
CA4	ENSG00000167434	chr17	60150028	60150285	258	2.2307e-63	0.28431	33	0.38089	0.096579	Lymphoid vs. Squamous	hypermeth	0.09795439338235294	0.40306196659482757	0.42526034090909093	0.3834701831896552	0.0515309375	0.109300625	0.035775625	0.113853125	0.14569125	0.0819571875	0.0350965625	0.0348978125	0.05040875	0.0340296875	0.1085134375	0.32977375000000003	0.0616209375	0.078679375	0.1078815625	0.1712753125	0.11493875	0.16082625	0.4606028125	0.396056875	0.2914790625	0.26568625	0.45074375	0.0592059375	0.2555559375	0.7848965625	0.7149559375	0.7174715625	0.343216875	0.278895	0.24694812500000002	0.23696375	0.7347575862068966	0.4280584375	0.4287946875	0.5570509375	0.0850225	0.354321875	0.42598562500000003	0.0034721875	0.8606309375	0.6495778125	0.33941	0.5381015625	0.2672403125	0.3795965625	0.5218309375	0.549181875	0.3177659375	0.275628125	0.23395875	0.55212375	0.453373125	0.4667890625	0.668986875	0.413390625	0.442288125	0.74869375	0.2495378125	0.3593440625	0.4161459375	0.56174375	0.4988465625	0.31013	0.41572625	0.6225821875	0.6828681249999999	0.3890625	0.2967990625	0.34469500000000003	0.259746875	0.3255953125	0.38024718750000003	0.516410625	0.3524178125	0.2527534375	0.105701875	0.323365625	0.4672875	0.5623271875	0.2011440625	0.68643	0.2077384375	0.1166540625	0.111296875	0.3553434375
ALDH1A3	ENSG00000184254	chr15	100880234	100880656	423	3.8387999999999993e-128	0.380422	46	0.54697	0.16655	Columnar vs. Squamous	hypermeth	0.16348850980392157	0.49735438271604937	0.5453432727272728	0.3855205014484628	0.027420666666666666	0.02057888888888889	0.08900022222222223	0.04374911111111111	0.1579677777777778	0.09849377777777778	0.12430066666666667	0.35526311111111114	0.2911331111111111	0.07350044444444445	0.18914333333333333	0.28302777777777777	0.170736	0.04179133333333333	0.3670957777777778	0.29100733333333334	0.15509533333333334	0.5251433333333333	0.32451844444444444	0.3152675555555556	0.36384377777777777	0.5794082222222222	0.21962933333333334	0.17687822222222221	0.6779466666666667	0.811492	0.6233035555555556	0.6371315555555556	0.5448617777777778	0.5711417777777777	0.39591288888888887	0.4610815555555556	0.6615197777777778	0.2800091111111111	0.7832893333333334	0.6158871111111112	0.32270844444444446	0.4305128888888889	0.49154355555555557	0.8734815555555555	0.2053957777777778	0.5923311111111111	0.5343973333333334	0.6308922222222222	0.5308744444444444	0.5464562222222222	0.5377682222222222	0.6215428888888889	0.5946604444444444	0.5925444444444444	0.387774	0.6686391111111111	0.56559	0.6117406666666667	0.63787	0.4058144444444444	0.5991271111111112	0.5486484444444445	0.5563891111111111	0.5316213333333334	0.5369408888888889	0.3360797777777778	0.48745609756097563	0.458336	0.5634408888888889	0.620036	0.5481217777777778	0.3617295555555556	0.39857555555555557	0.23765844444444445	0.2664731111111111	0.3464373333333333	0.276132	0.4911228888888889	0.26522222222222225	0.3986808888888889	0.14337622222222224	0.11841555555555555	0.3879768888888889	0.3682268888888889	0.19770444444444443	0.6422977777777777	0.17271355555555556	0.194956	0.19192022222222221	0.5334046666666666
ELMO1	ENSG00000155849	chr7	37447443	37449767	2325	0	0.446497	114	0.53388	0.087382	Columnar vs. Squamous	hypermeth	0.0864801041589202	0.44985024623766107	0.5347547290826993	0.31357248262433396	0.032922212389380534	0.037728230088495573	0.05768849557522124	0.020236194690265486	0.17583008849557522	0.044620530973451325	0.03361991150442478	0.034230089285714284	0.13655495575221238	0.04217141592920354	0.03818070796460177	0.3057883185840708	0.06793522123893805	0.03737867256637168	0.15247681415929204	0.17818893805309735	0.07461097345132743	0.13105513274336283	0.5369471428571428	0.32546902654867255	0.3605636283185841	0.3761050892857143	0.37509761061946906	0.058866814159292034	0.6352881415929204	0.5782890265486725	0.6736432743362832	0.5320711607142857	0.4341371681415929	0.5425830973451328	0.4200128318584071	0.3307927433628319	0.7919258181818182	0.5462338053097345	0.4482229203539823	0.5239065486725664	0.3384661946902655	0.399996017699115	0.440280796460177	0.9145838181818182	0.7817965486725664	0.70153	0.4250903539823009	0.561621238938053	0.6153577876106194	0.547337168141593	0.4349549557522124	0.47342230088495574	0.5383994690265487	0.6457914159292035	0.5049742477876106	0.5471725225225226	0.32260743362831856	0.5547106194690266	0.4627358407079646	0.461350796460177	0.56851796460177	0.506995221238938	0.48800725663716815	0.3118753982300885	0.29494017699115044	0.38958884955752215	0.5238179646017699	0.45805265486725666	0.45597778761061947	0.5256846902654867	0.5730508849557522	0.24451718181818183	0.350540796460177	0.17645424778761062	0.19392194690265488	0.22503690265486725	0.1151324778761062	0.35361646017699117	0.31687026548672564	0.22201141592920354	0.10307097345132743	0.15966663716814158	0.280534778761062	0.2508959292035398	0.2726032743362832	0.36655594339622644	0.3080124107142857	0.06800743362831858	0.19859380530973453	0.3595682300884956
HOXD4	ENSG00000170166	chr2	176151263	176152787	1525	8.1401e-173	0.321604	93	0.57256	0.25095	Columnar vs. Squamous	hypermeth	0.2508101726342711	0.4303102415458937	0.5722835523715415	0.44738995502248874	0.06591619565217391	0.17587130434782608	0.16917706521739131	0.14416054347826088	0.48792902173913044	0.22595391304347826	0.1617920652173913	0.21730554347826087	0.34298684782608696	0.26232021739130434	0.22327945652173914	0.4335471739130435	0.19612695652173914	0.2565579347826087	0.3053948913043478	0.2512671739130435	0.3441866304347826	0.28269456521739134	0.5331895652173914	0.5361131521739131	0.4469692391304348	0.515290652173913	0.3160802173913044	0.1435917391304348	0.3481521739130435	0.5486704347826087	0.5823360869565217	0.5744448913043478	0.40699489130434785	0.3754588043478261	0.3191859782608696	0.3121713043478261	0.5026892391304347	0.5007488043478261	0.5008026086956522	0.6805863043478261	0.4794038043478261	0.5433933695652174	0.528245	0.8537981521739131	0.6367723913043478	0.5354751086956522	0.38900402173913046	0.6597471739130435	0.6059857608695652	0.6975880434782609	0.6054705434782609	0.5995303260869566	0.568004347826087	0.48609978260869563	0.4838003260869565	0.6854526086956522	0.45272815217391305	0.5503571739130435	0.5972372826086957	0.3738541304347826	0.5777043478260869	0.5733108695652174	0.47636032608695655	0.5521282608695652	0.5073809782608696	0.49180206521739134	0.6352135869565217	0.46693489130434784	0.5397055434782608	0.6419578260869565	0.5506326086956521	0.40855489130434786	0.32174804347826086	0.40092347826086955	0.30342521739130435	0.4904934782608696	0.39483021739130436	0.4969622826086957	0.3529441304347826	0.4172682608695652	0.2232258695652174	0.33362000000000003	0.4546203260869565	0.46686173913043477	0.2683320652173913	0.5144760869565217	0.4037567391304348	0.32926358695652175	0.3058082608695652	0.6517670652173913
PTPRO	ENSG00000151490	chr12	15322296	15322911	616	2.2943999999999994e-117	0.319026	56	0.39466	0.075639	Columnar vs. Squamous	hypermeth	0.07577220320855615	0.33796861616161616	0.39559659504132233	0.2809013040752351	0.02693490909090909	0.010445818181818183	0.01864618181818182	0.022682	0.03449163636363636	0.03322145454545455	0.046481272727272725	0.03483490909090909	0.10120618181818182	0.015109090909090909	0.041746	0.29104236363636365	0.04579363636363636	0.08545872727272727	0.14511509090909092	0.23585745454545454	0.09906072727272727	0.20877600000000002	0.4636858181818182	0.038936727272727276	0.2584509090909091	0.18380781818181818	0.13214272727272727	0.03798672727272727	0.5188272727272727	0.4942901818181818	0.636673090909091	0.7666543636363636	0.15181018181818182	0.18367672727272727	0.3605138181818182	0.2706741818181818	0.6830881818181819	0.46324363636363636	0.23019672727272728	0.44589018181818185	0.39153163636363636	0.31750072727272727	0.235304	0.8070776363636364	0.7155743636363636	0.6400349090909091	0.1626158181818182	0.5398421818181818	0.27308818181818184	0.16728418181818183	0.24289727272727274	0.3195318181818182	0.29240527272727274	0.3657718181818182	0.13138163636363637	0.37754927272727273	0.5869714545454545	0.49610345454545457	0.6075072727272727	0.05595163636363636	0.5313103636363636	0.40470818181818186	0.15522818181818182	0.5082263636363636	0.24185127272727272	0.270634	0.33891418181818184	0.4068961818181818	0.43005872727272726	0.5548634545454545	0.44968454545454545	0.2888761818181818	0.33048781818181816	0.06419927272727273	0.2680010909090909	0.20012636363636363	0.22009545454545454	0.31433436363636363	0.2953258181818182	0.419176	0.12957927272727274	0.1396910909090909	0.24052272727272728	0.29099963636363635	0.14539145454545455	0.5146867272727272	0.3569236363636364	0.07928836363636364	0.06450363636363636	0.02286381818181818
SFRP4	ENSG00000106483	chr7	37916323	37917086	764	2.0136e-212	0.429549	68	0.51232	0.08277	Columnar vs. Squamous	hypermeth	0.08236614574187884	0.40756233001658376	0.513833222523745	0.3210495985589295	0.018988507462686568	0.02098537313432836	0.024478805970149255	0.017588805970149255	0.0844544776119403	0.007011641791044776	0.024139701492537313	0.023571044776119404	0.1316586567164179	0.037736119402985074	0.05350179104477612	0.17783537313432837	0.02083820895522388	0.10009074626865672	0.29591805970149254	0.19617522388059702	0.16525194029850745	0.16743358208955225	0.6430244776119403	0.24393492537313433	0.23386074626865672	0.4409370149253731	0.22421910447761195	0.05161014925373134	0.33036671641791043	0.5264440298507462	0.6460629850746269	0.7665137313432836	0.5180207462686567	0.4358271641791045	0.49128044776119406	0.2714634328358209	0.7025788059701492	0.11158507462686568	0.5309588059701492	0.615340895522388	0.3057798507462687	0.29660462686567163	0.4622240298507463	0.6246334328358208	0.7821058208955224	0.7508113432835821	0.3462713432835821	0.6489768656716418	0.6803471641791045	0.6093286567164179	0.5952428358208955	0.3285613432835821	0.2666976119402985	0.5726116417910447	0.22714014925373135	0.5774220895522388	0.3932719402985075	0.5729579104477612	0.4800219402985075	0.5504468656716418	0.6175325373134328	0.5780265671641791	0.4610785074626866	0.4204055223880597	0.3418555223880597	0.43325149253731343	0.5802249253731343	0.44098328358208955	0.19413641791044775	0.6873525373134328	0.6111867164179104	0.3734465671641791	0.3533950746268657	0.14274328358208954	0.166325223880597	0.11390597014925373	0.2999686567164179	0.3133401492537313	0.03066223880597015	0.36072014925373136	0.08236223880597016	0.04769298507462687	0.28320865671641793	0.4626882089552239	0.13945044776119403	0.769809552238806	0.23167597014925373	0.09018820895522388	0.061718059701492536	0.23863522388059702
TWIST1	ENSG00000122691	chr7	19116161	19119277	3117	0	0.445253	185	0.55003	0.10478	Columnar vs. Squamous	hypermeth	0.10495114450127878	0.4771030439953826	0.5501248282630294	0.32081977586452226	0.033932228260869564	0.039666684782608694	0.04619434782608696	0.025327934782608696	0.13519130434782609	0.03036217391304348	0.0354825	0.06382788043478262	0.14640293478260868	0.05791309782608696	0.05252163043478261	0.2756642934782609	0.07011141304347826	0.06612983695652173	0.2788463043478261	0.30661983695652173	0.11997505434782609	0.34406815217391307	0.4868357608695652	0.3502980434782609	0.5097414673913043	0.332626847826087	0.25916967391304346	0.06781923913043478	0.5420397826086957	0.6736733152173913	0.76937125	0.7703657608695652	0.4435427717391304	0.6429677173913043	0.4397548913043478	0.42754375	0.6394878260869565	0.3963213043478261	0.4922272375690608	0.5812879891304348	0.3964388043478261	0.47344125	0.5224615760869565	0.8437046739130435	0.7253327717391305	0.6591448087431694	0.39144625	0.5156253260869565	0.5092809782608696	0.5910119021739131	0.44723266304347825	0.6039836956521739	0.69339	0.44907271739130433	0.4414586413043478	0.591248152173913	0.53616375	0.6256336956521739	0.6130134782608696	0.4215010869565217	0.4708720108695652	0.5060941847826087	0.49079782608695655	0.4150392391304348	0.27914179347826085	0.33418891304347825	0.53485625	0.18968282608695652	0.4774070652173913	0.5538096174863388	0.5496241847826087	0.3686736956521739	0.4136896739130435	0.16925076086956523	0.15497239130434784	0.1895043956043956	0.19875364130434783	0.18793141304347827	0.25255277173913043	0.47928494565217394	0.14117309782608695	0.1519503804347826	0.3169366847826087	0.42338733695652175	0.20517635869565218	0.3567477717391304	0.2378528021978022	0.10427478260869565	0.1998636956521739	0.421155
ZNF569	ENSG00000196437	chr19	37468695	37469913	1219	1.3528e-303	0.509128	81	0.58735	0.078219	Columnar vs. Squamous	hypermeth	0.07798831617647059	0.4930573139064698	0.5902823911483254	0.33944527155172416	0.017419	0.011431125	0.018586375000000002	0.01396875	0.094883625	0.018267125000000002	0.014869	0.008760125	0.07697675	0.00839975	0.010129875	0.347139875	0.04905475	0.015313375	0.27527825	0.143463125	0.2018605	0.25598975	0.624961125	0.415593875	0.2949920253164557	0.43437912500000003	0.415669875	0.0365995	0.67293425	0.604045375	0.709826625	0.84427075	0.519784125	0.57961825	0.413725	0.4814305	0.5895947500000001	0.619738375	0.361878375	0.679332875	0.583947375	0.316266	0.425848625	0.8476465	0.69455775	0.7846121052631579	0.3906615	0.6373415	0.68091075	0.51402425	0.415528625	0.58434975	0.672424625	0.711042625	0.500149	0.6296105	0.4822975	0.666384	0.683474875	0.55877975	0.527022125	0.4434615	0.266208375	0.37556925	0.266612625	0.47268575	0.611593125	0.40450837500000003	0.253010875	0.604638375	0.570224625	0.3535005	0.355321125	0.198102	0.142037	0.244839625	0.27377125	0.420882625	0.33331125	0.489609125	0.123000875	0.134358875	0.31018475	0.465955625	0.2628525	0.639598875	0.1428015	0.102232625	0.2462295	0.336810375
VIM	ENSG00000026025	chr10	17228807	17229978	1172	7.3867e-198	0.351685	109	0.44976	0.098078	Erythroid vs. Squamous	hypermeth	0.09802590958605664	0.45021026148032767	0.41348434764309766	0.24993024084745588	0.05179657407407408	0.10322537037037037	0.06968722222222222	0.05206712962962963	0.12210212962962963	0.058275462962962966	0.09986777777777778	0.01110861111111111	0.12630462962962963	0.018092129629629628	0.07770314814814815	0.29506194444444445	0.031638240740740745	0.06463842592592593	0.2260937037037037	0.23977472222222224	0.01900324074074074	0.5015096296296296	0.40488831775700934	0.3017534259259259	0.47569787037037037	0.15419814814814814	0.290432037037037	0.01589	0.613305	0.6707535185185185	0.6026229629629629	0.7687917592592592	0.46501064814814813	0.618263888888889	0.47846685185185184	0.49201685185185184	0.6088351851851852	0.25459805555555554	0.38675055555555554	0.5919057407407408	0.37028944444444445	0.20722509259259259	0.37372796296296296	0.8205	0.7471373148148148	0.43114425925925925	0.11777851851851852	0.5248845370370371	0.1910485185185185	0.498475	0.5626693518518519	0.3929461111111111	0.23163935185185186	0.44367824074074075	0.21854805555555556	0.6569042592592592	0.36234638888888887	0.44812064814814817	0.33931546296296294	0.255755462962963	0.3106159259259259	0.5466350925925926	0.3364136111111111	0.3493301851851852	0.23240787037037036	0.33637666666666666	0.19075574074074075	0.2926302777777778	0.4042290740740741	0.586245462962963	0.3837125	0.32512944444444447	0.2581806481481482	0.15499972222222222	0.1803012962962963	0.17563944444444446	0.09977453703703704	0.22127	0.060009629629629635	0.23182527777777778	0.01565490740740741	0.04809888888888889	0.35934814814814814	0.3361264814814815	0.19455416666666667	0.4536631428571429	0.1716674528301887	0.025199814814814814	0.08413037037037037	0.19366712962962962
VAV3	ENSG00000134215	chr1	107964756	107966004	1249	1.2448999999999999e-248	0.380269	121	0.43668	0.056411	Erythroid vs. Squamous	hypermeth	0.05594440196078432	0.4366027824074074	0.38697061637931035	0.2133465588194366	9.838333333333333e-4	0.0071164999999999996	0.0024074166666666666	5.555833333333333e-4	0.03394116666666667	0.016670916666666667	0.003207583333333333	0.0031945000000000003	0.12702858333333333	0.0022320833333333333	0.012668	0.396948	0.023125416666666666	0.0025914166666666668	0.16319441666666668	0.09478158333333334	0.060407833333333334	0.225411	0.42917500000000003	0.13922475	0.43035758333333335	0.12260775	0.19211991666666667	0.020761416666666668	0.5218339166666667	0.6401614166666667	0.74162775	0.8188240833333333	0.4780876666666667	0.6708005	0.17826908333333333	0.40541683333333334	0.6027315	0.5807417500000001	0.6606981666666667	0.6534134166666666	0.44912216666666666	0.1401655	0.2556481666666667	0.7644381666666666	0.7318514166666666	0.8474343103448276	0.11123133333333333	0.14529258333333334	0.14173983333333334	0.57244125	0.24454025000000001	0.17912691666666666	0.07205391666666666	0.4307651666666667	0.27368108333333335	0.5236894166666667	0.46413191666666664	0.40831066666666666	0.31658891666666666	0.31353625	0.47415091666666664	0.60317475	0.3061755	0.3886609166666667	0.05284316666666667	0.07676791666666667	0.05289638655462185	0.27217033333333335	0.2393665	0.28456175	0.58012725	0.14243916666666667	0.23268975	0.022790083333333332	0.20447108333333333	0.23799508333333333	0.26647625	0.0804245	0.15920575	0.22019275	0.01178775	0.044590333333333336	0.25248883333333333	0.43109733333333333	0.18798416666666667	0.5178844166666666	0.04561415254237288	0.0208445	0.07928225	0.17204758333333334
ZNF682	ENSG00000197124	chr19	20038785	20039696	912	1.0895999999999999e-169	0.467677	50	0.52588	0.058207	Columnar vs. Squamous	hypermeth	0.0578521368547419	0.36980546485260773	0.5277750181495523	0.28643783251231525	0.0029155102040816323	9.718367346938776e-4	0.01633877551020408	0.002381020408163265	0.08083244897959184	0	0	0.036404489795918364	0.08895775510204082	0.003313061224489796	0.010339183673469388	0.31887122448979593	0.006368775510204081	0.058296938775510204	0.2067722448979592	0.11403816326530612	0.03668489795918367	0.049296122448979594	0.4417514285714286	0.212825306122449	0.22825510204081634	0.4969648979591837	0.19387714285714286	0.00816326530612245	0.3768308163265306	0.5176424489795919	0.6040202040816327	0.774565306122449	0.4252234693877551	0.4998477551020408	0.3110491836734694	0.25945204081632656	0.1962873469387755	0.5374624489795918	0.5229840816326531	0.6931248979591836	0.4860610204081633	0.40750244897959187	0.40027061224489796	0.880024693877551	0.6038687755102041	0.9072465217391305	0.35806897959183676	0.5847544897959184	0.5127579591836735	0.5096	0.47948816326530613	0.5224538775510205	0.17571163265306122	0.6771922448979592	0.40762367346938777	0.6482465306122449	0.6162775510204082	0.5708293877551021	0.4748495918367347	0.39577020408163266	0.29932714285714285	0.6740985714285714	0.22216040816326532	0.35083448979591836	0.16034551020408164	0.21608489795918367	0.5205528571428572	0.30617938775510206	0.2615795918367347	0.4593534693877551	0.2803530612244898	0.46508020408163264	0.2900512244897959	0.09840142857142857	0.22048489795918366	0.31514755102040815	0.26349653061224493	0.38599510204081633	0.2810489795918367	0.2870534693877551	0.08518551020408163	0.06503244897959183	0.2837179591836735	0.4696361224489796	0.05873163265306122	0.6155655102040817	0.0923295918367347	0.04303448979591837	0.14443530612244898	0.3907269387755102
NDRG4	ENSG00000103034	chr16	58464111	58465056	946	1.3765e-179	0.332599	73	0.40608	0.073485	Columnar vs. Squamous	hypermeth	0.07363492647058824	0.31426042879188715	0.407012410130719	0.25050228448275863	0.01547597222222222	0.0033933333333333333	0.01441875	0.01830888888888889	0.08326805555555555	0.014727222222222223	0.011068888888888889	0.020541944444444443	0.21631027777777778	0.012099027777777778	0.03663597222222222	0.36390083333333334	0.05722027777777778	0.06928125	0.17926638888888888	0.10196708333333333	0.03390958333333333	0.015206666666666667	0.32101375	0.45078708333333334	0.22751361111111112	0.1747286111111111	0.2878968055555556	0.020724583333333334	0.19290597222222222	0.08869041666666666	0.6552880555555556	0.7325380555555555	0.4242863888888889	0.2996261904761905	0.3661404166666667	0.17863958333333332	0.5213956944444444	0.4197813888888889	0.27952444444444446	0.5189944444444444	0.22700958333333335	0.23535333333333333	0.29853833333333335	0.6422269117647059	0.7836593055555555	0.4837798611111111	0.3164604166666667	0.5388534722222222	0.4834951388888889	0.42585819444444445	0.44621083333333333	0.3724602777777778	0.29439902777777777	0.32647180555555555	0.1085861111111111	0.47336097222222223	0.4275919444444444	0.563415	0.3623213888888889	0.17886208333333334	0.44636458333333334	0.5778790277777778	0.15378	0.21261527777777778	0.19817555555555555	0.3385341666666667	0.3721888888888889	0.4484065277777778	0.4082672222222222	0.5578770833333333	0.3176198611111111	0.30677958333333333	0.33668013888888887	0.025962083333333334	0.05904402777777778	0.21913708333333334	0.17528902777777777	0.23519222222222222	0.20520611111111112	0.3664570833333333	0.03495375	0.07099916666666667	0.15821625	0.16001847222222224	0.2186025	0.5239980555555556	0.19386027777777778	0.07577402777777778	0.11093236111111111	0.20212041666666666
FER1L4	ENSG00000088340	chr20	35600658	35602224	1567	0	0.47867	134	0.58767	0.109	Columnar vs. Squamous	hypermeth	0.10678113244808328	0.5393501086048454	0.5867333321941217	0.370983643356039	0.03037172932330827	0.03504902255639098	0.04338511627906977	0.03261443609022557	0.17691338345864663	0.03455887218045113	0.03373887218045113	0.0339312030075188	0.2371490977443609	0.035126917293233084	0.05394015037593985	0.35355015037593984	0.10646488721804512	0.020109774436090227	0.258659022556391	0.22976699248120303	0.09994962406015037	0.66939	0.7397272180451128	0.38365593984962404	0.4120021804511278	0.47255548872180453	0.30363894736842106	0.4355078195488722	0.4960902255639098	0.49950902255639096	0.7585406766917293	0.6346172932330827	0.6309664661654135	0.5724617293233083	0.43586714285714284	0.4990508270676692	0.6363803007518797	0.6805235338345864	0.44781714285714286	0.5757874436090226	0.3278718045112782	0.5377678195488722	0.49923285714285714	0.9045733082706767	0.8557027819548872	0.6735757894736842	0.4712234586466165	0.32620646616541354	0.44925015037593985	0.6261653383458646	0.5002126315789474	0.6129789473684211	0.6702233834586466	0.716485037593985	0.5402316541353384	0.6231012781954888	0.49617496240601505	0.6291767669172932	0.6360006766917293	0.5976064661654136	0.6385842857142857	0.6072816541353383	0.5801631578947368	0.44871112781954886	0.419336015037594	0.349272030075188	0.6574675	0.34512492424242425	0.403295037593985	0.5302745112781955	0.6231615037593985	0.37065781954887217	0.3451096240601504	0.2474433082706767	0.3044536842105263	0.3507218045112782	0.3397592481203008	0.41803917293233084	0.34177473684210524	0.35926285714285716	0.11353962406015038	0.25719390977443607	0.3376555639097744	0.4317778195488722	0.16685157894736843	0.5036273684210526	0.23025187969924812	0.10281225563909775	0.17632165413533835	0.3971842857142857
ZNF568	ENSG00000198453	chr19	36972828	36973884	1057	5.096299999999999e-250	0.451489	74	0.57368	0.12218999999999999	Columnar vs. Squamous	hypermeth	0.11632163577759871	0.45965914764079147	0.5705752366127024	0.3712288946622579	0.013898493150684931	0.02543095890410959	0.03398890410958904	0.015754383561643836	0.1586331506849315	0.03262178082191781	0.04465301369863014	0.13781712328767123	0.08193356164383561	0.06465356164383562	0.038152602739726024	0.4037671232876712	0.08347849315068494	0.16039164383561644	0.3060576712328767	0.2288164383561644	0.14741890410958905	0.14878849315068493	0.5644598630136987	0.3041549315068493	0.27940027397260275	0.4250176712328767	0.33300712328767124	0.24129575342465753	0.492063698630137	0.6166967123287671	0.6348093150684931	0.7364583561643836	0.5479006849315069	0.6737867123287671	0.2846664383561644	0.36362972602739724	0.6080420547945206	0.6110090410958904	0.4086778082191781	0.58466	0.5376854794520548	0.520673698630137	0.6319409589041096	0.7632795890410959	0.6829375342465753	0.4534241095890411	0.5323004109589041	0.5984472602739725	0.6541941095890411	0.5165001369863014	0.4485931506849315	0.5741227397260273	0.6924306849315068	0.74102	0.46499424657534244	0.6306602739726027	0.4498786301369863	0.5785383561643835	0.4649641095890411	0.5262958904109589	0.5051138356164384	0.4559113698630137	0.5293723287671233	0.5630168493150685	0.35032479452054793	0.34843287671232875	0.6709887671232877	0.4950642465753425	0.4991241095890411	0.6149369863013698	0.522134109589041	0.38984712328767124	0.2929127397260274	0.20193424657534248	0.2752315068493151	0.35734561643835616	0.2804480821917808	0.3897919178082192	0.3642117808219178	0.33382616438356166	0.11557191780821918	0.17093054794520549	0.4027295890410959	0.4936490410958904	0.2017431506849315	0.570587397260274	0.30493575342465756	0.05351698630136986	0.14981958904109588	0.36729835616438355
COL14A1	ENSG00000187955	chr8	120124516	120126376	1861	1.3525e-159	0.324221	95	0.43813	0.11391	Columnar vs. Squamous	hypermeth	0.11023301627033792	0.39326811725853056	0.4344407108317215	0.33778837123991196	0.05374478723404255	0.10264531914893617	0.03704904255319149	0.03383510638297872	0.17218765957446808	0.020349148936170212	0.03338095744680851	0.0681477659574468	0.1675754255319149	0.05310872340425532	0.05663074468085107	0.3093189361702128	0.1651818085106383	0.06324617021276596	0.1934481914893617	0.20366744680851065	0.14044404255319148	0.2313172340425532	0.6028056382978724	0.21393882978723405	0.3360407777777778	0.36427191489361704	0.34379129032258066	0.11907510638297872	0.303463085106383	0.5978239361702128	0.617145744680851	0.5219791489361703	0.2562459574468085	0.20953031914893616	0.3411131914893617	0.26768191489361703	0.7211068085106384	0.5583107446808511	0.4731844680851064	0.5625962765957446	0.27704329787234044	0.22067648936170212	0.46270202127659577	0.5631134042553192	0.6690923404255319	0.7696297872340425	0.1975072340425532	0.5776772340425532	0.2864767021276596	0.4561934042553191	0.43125712765957447	0.3144324468085106	0.4274695744680851	0.336551914893617	0.31859659574468085	0.647737659574468	0.3421009574468085	0.46887244680851065	0.504118085106383	0.2699807446808511	0.4538698936170213	0.5322555319148936	0.31586095744680853	0.4740994680851064	0.21322095744680852	0.40457202127659575	0.3550013829787234	0.3178863829787234	0.4288501063829787	0.5796555319148936	0.500449255319149	0.402076914893617	0.387331914893617	0.16201191489361702	0.2258190425531915	0.32680031914893615	0.42467957446808513	0.4078073404255319	0.20748872340425534	0.2843221276595745	0.13977202127659574	0.19812212765957446	0.34565234042553195	0.4029990425531915	0.3167904255319149	0.5121734042553191	0.41365329787234045	0.1209572340425532	0.14327882978723405	0.2522745744680851
FBN1	ENSG00000166147	chr15	48644349	48646379	2031	0	0.46517	180	0.53819	0.073016	Columnar vs. Squamous	hypermeth	0.07290086756490305	0.4425666233381379	0.5390697531762312	0.30016296757643335	0.006057150837988827	0.022970335195530725	0.014151284916201117	0.011122346368715084	0.14706446927374303	0.009385698324022347	0.01766441340782123	0.01677832402234637	0.06533536312849161	0.0079663687150838	0.02283094972067039	0.3261135195530726	0.08436581005586592	0.01573262569832402	0.2370735754189944	0.19076837988826817	0.04393413407821229	0.1420895530726257	0.594302346368715	0.2766827932960894	0.43105022346368715	0.35057810055865923	0.359155197740113	0.07595564245810056	0.4854945810055866	0.27976162011173183	0.7407862011173184	0.6750349720670391	0.5102864245810056	0.6934712849162011	0.3878212849162011	0.3318277094972067	0.7109714525139665	0.5175353072625698	0.4033945251396648	0.6195578770949721	0.3770026815642458	0.47427435754189945	0.525137653631285	0.867332584269663	0.7749108379888268	0.7174405586592179	0.432051061452514	0.5399268156424581	0.7003987709497207	0.4670049720670391	0.47078385474860335	0.5537149162011173	0.5549360335195531	0.5159616759776536	0.29447837988826814	0.6264718994413407	0.3835445810055866	0.5879277653631285	0.5330627118644068	0.3674027374301676	0.476211843575419	0.49627581920903957	0.4769869832402235	0.42321620111731845	0.4106281005586592	0.39098262569832404	0.48385152542372883	0.39379754189944133	0.4374760893854749	0.6575683798882681	0.4535382122905028	0.28973441340782125	0.28979022346368716	0.036420446927374305	0.07584396648044693	0.2718322346368715	0.13264877094972066	0.3081405027932961	0.22815078212290504	0.2955527932960894	0.029132290502793295	0.17129670391061452	0.3076591061452514	0.3529578212290503	0.09304435754189944	0.4974672067039106	0.20661664804469274	0.021427988826815642	0.15813150837988826	0.31455681564245813
UBE2F	ENSG00000184182	chr2	238025067	238026494	1428	7.7267e-83	0.495409	23	0.91756	0.42215	Columnar vs. Squamous	hypermeth	0.4103511764705882	0.8549153171438698	0.9149434415584415	0.8972877115987461	0.18475227272727274	0.221395	0.24103636363636363	0.17376818181818182	0.34509727272727275	0.20911045454545454	0.2774518181818182	0.3212495454545455	0.47491545454545453	0.3894445454545455	0.25573	0.7659681818181818	0.6464963636363636	0.5220086363636364	0.7174104545454545	0.6839095454545454	0.5462259090909091	0.8639572727272727	0.93624	0.8700754545454545	0.8134919047619048	0.8945936363636363	0.7850878947368422	0.7878095454545454	0.9233795454545455	0.7636572727272727	0.8632190909090909	0.8821068181818181	0.9195786363636363	0.8791845454545455	0.755195	0.8506263636363637	0.9058731818181818	0.8801204545454545	0.8142790909090909	0.9342113636363636	0.9004054545454545	0.9168763636363636	0.8890745454545455	0.9067457142857143	0.9241295454545455	0.9772727272727273	0.8224822727272727	0.8260331818181819	0.9271636363636364	0.9342059090909091	0.911595	0.9298877272727273	0.9378122727272727	0.9466545454545454	0.9031931818181819	0.9274227272727272	0.9096672727272728	0.9213490909090909	0.9257572727272727	0.9287345454545455	0.9280813636363636	0.8369604545454545	0.9181286363636364	0.8970054545454546	0.8658604545454546	0.898175909090909	0.8941109090909091	0.9184368181818182	0.9253036363636363	0.9434395454545454	0.8968940909090909	0.8803559090909091	0.8662886363636364	0.9116068181818182	0.8993927272727272	0.8855177272727273	0.8752877272727273	0.8784586363636364	0.9295463636363637	0.8926736363636364	0.9258127272727272	0.8583668181818181	0.8882995454545455	0.909095	0.8801959090909091	0.92022	0.9421963636363636	0.9083554545454545	0.8580209090909091	0.9173368181818182
RSPH14	ENSG00000100218	chr22	23138420	23138891	472	2.2229e-47	0.591965	12	0.91541	0.32345	Columnar vs. Squamous	hypermeth	0.32088283422459896	0.8411970707070707	0.9119790495867769	0.8596636363636364	0.036039999999999996	0.18690272727272728	0.056232727272727275	0.1053809090909091	0.4123181818181818	0.05248909090909091	0.05107727272727273	0.15813545454545455	0.3856472727272727	0.3943709090909091	0.13022999999999998	0.7163118181818182	0.6848063636363636	0.32840636363636366	0.6138509090909091	0.6981718181818182	0.44463636363636366	0.8715727272727273	0.8939554545454546	0.8751236363636363	0.8318181818181818	0.8918472727272727	0.6515145454545455	0.7862418181818182	0.9666663636363636	0.8517854545454545	0.9226181818181818	0.8318181818181818	0.8602318181818182	0.9621209090909091	0.5488663636363637	0.8818763636363637	0.7445890909090909	0.9553363636363637	0.8135645454545455	0.9476772727272728	0.9171827272727273	0.9304981818181818	0.8765390909090909	0.9696972727272727	0.9154172727272727	0.8636363636363636	0.9432654545454545	0.8556772727272727	0.8837990909090909	0.9442581818181818	0.8775354545454546	0.8705809090909091	0.949219090909091	0.95375	0.9350081818181818	0.9418472727272728	0.8645581818181818	0.9291490909090909	0.8892854545454546	0.9406018181818182	0.8643554545454546	0.8216318181818182	0.8265163636363636	0.8288863636363636	0.8397145454545455	0.72231	0.9069263636363636	0.8257872727272727	0.9099581818181818	0.91676545454545455	0.9423581818181818	0.8110145454545454	0.7924245454545454	0.8795254545454545	0.8999436363636364	0.8708363636363636	0.79276	0.8583790909090909	0.7737227272727273	0.8491872727272727	0.8922518181818182	0.8823081818181818	0.9003672727272727	0.8443054545454546	0.8538163636363636	0.9166672727272728	0.9490845454545455	0.8524909090909091	0.8876445454545454	0.8826609090909091
MAP7D1	ENSG00000116871	chr1	36171148	36171826	679	7.9457e-69	0.559246	17	0.92657	0.36732	Lymphoid vs. Squamous	hypermeth	0.36164547794117646	0.8799076736111111	0.9195020738636364	0.9268524784482759	0.097866875	0.151416875	0.10589	0.167636875	0.387114375	0.092515	0.099185625	0.21103375000000002	0.3986875	0.34142	0.225931875	0.765081875	0.6259987499999999	0.35084375	0.719878125	0.688646875	0.718825	0.81431625	0.967935625	0.8890775	0.88027125	0.896848125	0.6866325	0.847951875	0.889740625	0.87262875	0.836654375	0.8633525	0.93403625	0.9734575	0.796081875	0.93081625	0.929199375	0.94111875	0.8882187500000001	0.915990625	0.956655625	0.925359375	0.90007125	0.9640375	0.93108875	0.940104375	0.72847125	0.843864375	0.959761875	0.9458212500000001	0.88059	0.93988125	0.935869375	0.94263062500000006	0.932469375	0.9460775	0.9377925	0.893858125	0.89566	0.962618125	0.9503725	0.881723125	0.954581875	0.950793125	0.9322756249999999	0.936011875	0.944685625	0.950086875	0.982700625	0.918660625	0.946284375	0.9297175	0.9508624999999999	0.930004375	0.886513125	0.931394375	0.891518125	0.920746875	0.94146125	0.90442625	0.897464375	0.938351875	0.890564375	0.966659375	0.953821875	0.900469375	0.93802125	0.879535625	0.889596875	0.93978875
CTIF	ENSG00000134030	chr18	48761698	48761860	163	4.8303e-26	0.335897	12	0.75668	0.42078	Lymphoid vs. Columnar	hypermeth	0.923514705882353	0.6776769696969697	0.42455979338842975	0.76938065830721	0.9520572727272727	0.9722809090909091	0.9734990909090909	0.9488254545454545	0.8760536363636363	0.963420909090909	0.9690081818181818	0.9256181818181818	0.8803754545454545	0.9808863636363636	0.945559090909091	0.9064190909090909	0.9208690909090909	0.9855718181818182	0.7401345454545455	0.8440245454545454	0.9151463636363636	0.9263281818181818	0.5273781818181819	0.7992845454545454	0.7196981818181818	0.5341536363636363	0.6681818181818182	0.48399636363636367	0.9244672727272727	0.828370909090909	0.6400827272727273	0.39285636363636367	0.7911736363636364	0.7446327272727273	0.8726081818181818	0.8910654545454546	0.5141836363636364	0.44405272727272727	0.4956709090909091	0.3924081818181818	0.38494	0.45709181818181815	0.5892245454545455	0.05454545454545455	0.7790027272727272	0.24242363636363637	0.6172927272727273	0.4273863636363636	0.8961754545454546	0.5064481818181819	0.6356981818181818	0.5699690909090909	0.4295909090909091	0.2253	0.32146363636363634	0.3104581818181818	0.47306454545454546	0.40149454545454544	0.22627363636363637	0.22498363636363639	0.17508	0.8176354545454545	0.6360318181818182	0.7992963636363636	0.43943818181818184	0.8793618181818181	0.4381627272727273	0.5744745454545455	0.5913781818181818	0.30627818181818184	0.8123781818181818	0.8719527272727273	0.8573227272727273	0.8611872727272727	0.9562572727272727	0.9122209090909091	0.8440372727272727	0.9355318181818182	0.94538	0.8228027272727273	0.8933636363636364	0.9238681818181819	0.7388963636363637	0.6420772727272728	0.7441818181818182	0.9772727272727273	0.6904036363636363	0.86099	0.8676345454545454	0.6722227272727272
CNDP2	ENSG00000133313	chr18	74508684	74509185	502	2.77e-26	0.264509	15	0.76518	0.50067	Lymphoid vs. Columnar	hypermeth	0.8880753361344538	0.6471933333333333	0.5010212912087912	0.7630346551724138	0.9699807142857143	0.9649621428571429	0.9399821428571429	0.9469342857142857	0.8802857142857143	0.9396342857142858	0.947245	0.9740957142857143	0.9170814285714286	0.959705	0.9441971428571428	0.7139457142857143	0.7075021428571429	0.9545564285714285	0.7649342857142857	0.7184007142857143	0.8538378571428571	0.750095	0.6601385714285715	0.8412685714285714	0.5062928571428571	0.5915478571428572	0.5333335714285714	0.57914	0.5173778571428571	0.669785	0.8528992857142857	0.5326442857142857	0.7344242857142858	0.7087428571428571	0.6807635714285715	0.8097092857142857	0.560915	0.5852235714285714	0.5351785714285714	0.42043071428571427	0.3864064285714286	0.47223642857142856	0.44064857142857145	0.13084428571428572	0.25473357142857145	0.4358976923076923	0.6506721428571428	0.6250778571428571	0.4897478571428572	0.514315	0.4278557142857143	0.46584000000000003	0.6062842857142857	0.6134164285714285	0.46364357142857143	0.6962764285714286	0.6472935714285715	0.56015	0.5688078571428572	0.44502785714285714	0.7068621428571429	0.7653657142857143	0.6119221428571429	0.709725	0.6134028571428571	0.9056842857142857	0.5618514285714286	0.6550735714285715	0.7399857142857142	0.49136214285714286	0.8144135714285714	0.8674871428571429	0.8471964285714286	0.8622078571428571	0.8258635714285715	0.6970642857142857	0.7877735714285714	0.8437042857142857	0.6973842857142857	0.6674971428571429	0.8182564285714286	0.8233992857142857	0.7219735714285714	0.8708192857142857	0.888315	0.7620471428571428	0.8694028571428571	0.8771414285714285	0.8248085714285714	0.7068764285714286
ARHGAP24	ENSG00000138639	chr4	85930871	85931513	643	3.1864e-29	0.299886	13	0.60258	0.30269	Lymphoid vs. Columnar	hypermeth	0.7763149509803922	0.45872586419753086	0.2989975792011019	0.5999543678160919	0.8877691666666667	0.9020766666666666	0.8877625	0.8637791666666667	0.721025	0.8588783333333333	0.8997491666666667	0.8274941666666666	0.7038	0.8712791666666667	0.89856	0.47127166666666664	0.6082341666666666	0.8598708333333334	0.6533641666666666	0.5682158333333334	0.7142241666666667	0.8131808333333334	0.9092283333333333	0.79411	0.7003975	0.5305141666666666	0.6481488888888889	0.4892566666666667	0.3786216666666667	0.1112725	0.505555	0.13862416666666666	0.36739	0.17638833333333334	0.4026208333333333	0.4925616666666667	0.2990075	0.2651966666666667	0.23499083333333334	0.5090216666666667	0.3729425	0.34827583333333334	0.3491033333333333	0.0277775	0.22900583333333333	0.4090909090909091	0.31437166666666666	0.30539333333333335	0.26547	0.203145	0.28312	0.3179475	0.20478583333333333	0.18468166666666666	0.3760308333333333	0.22239	0.45619	0.2555075	0.185185	0.2635725	0.4949383333333333	0.870255	0.46345416666666667	0.47698083333333335	0.45432666666666666	0.6087608333333333	0.3933641666666667	0.5216783333333334	0.41017916666666665	0.3377641666666667	0.5293825	0.8298541666666667	0.7666666666666667	0.8180208333333333	0.7340825	0.5242116666666666	0.81373	0.54987	0.5266975	0.5371433333333333	0.5894766666666666	0.6510841666666667	0.5562816666666667	0.6804716666666667	0.9097466666666667	0.36527750000000003	0.6089358333333333	0.7986183333333333	0.5894308333333333	0.48293083333333336
PI4KA	ENSG00000241973	chr22	20717377	20718203	827	6.1384e-36	0.296648	23	0.69143	0.39478	Erythroid vs. Columnar	hypermeth	0.76102564171123	0.6892837878787879	0.39191431818181816	0.568025736677116	0.8136936363636363	0.9013695454545455	0.8855127272727272	0.8981768181818182	0.8031	0.8481159090909091	0.8789568181818181	0.8809063636363637	0.8037154545454546	0.8398181818181818	0.8564	0.4451609090909091	0.5947640909090909	0.7879813636363636	0.5952054545454546	0.4916281818181818	0.6129304545454546	0.8744495454545455	0.7379772727272728	0.6320022727272727	0.8473122727272727	0.40561363636363634	0.4462122727272727	0.6171263636363636	0.8361822727272727	0.8884240909090909	0.61606	0.7001081818181818	0.7668227272727273	0.7880963636363636	0.8043695454545454	0.8594322727272727	0.8732304545454546	0.29028227272727275	0.42340636363636364	0.3147918181818182	0.48292090909090907	0.4334568181818182	0.39618000000000003	0.8427840909090909	0.18423090909090908	0.6060613636363636	0.36227681818181817	0.33921863636363636	0.3878518181818182	0.38380909090909093	0.23423772727272726	0.23142136363636365	0.3252372727272727	0.37620045454545453	0.45147590909090907	0.29201227272727276	0.5479040909090909	0.3716395454545455	0.35141636363636364	0.3194209090909091	0.3875668181818182	0.33118909090909093	0.41637454545454544	0.5234922727272727	0.6565531818181818	0.5459654545454545	0.2511068181818182	0.45522181818181817	0.33037636363636363	0.4209722727272727	0.5808286363636364	0.5335804545454546	0.6892263636363636	0.8505095454545455	0.7848954545454545	0.4128068181818182	0.5556436363636363	0.30217	0.7456686363636363	0.52937	0.6919336363636364	0.7499859090909091	0.5713577272727273	0.5075686363636364	0.7949127272727273	0.6497131818181818	0.7099563636363636	0.8556245454545455	0.6039563636363636	0.4217859090909091
SEMA4B	ENSG00000185033	chr15	90225366	90226105	740	2.7607999999999998e-33	0.293451	20	0.76774	0.47428	Erythroid vs. Columnar	hypermeth	0.7846392879256966	0.7714839473684211	0.47817897129186604	0.687319110707804	0.8207247368421052	0.8454321052631579	0.8678747368421053	0.8520468421052632	0.7450068421052631	0.8290978947368421	0.8484184210526315	0.7824573684210526	0.7472015789473684	0.8770257894736843	0.8725478947368421	0.5526226315789474	0.6761352631578947	0.8563994736842105	0.7216252631578948	0.6062336842105264	0.8380173684210527	0.8822278947368422	0.8411963157894736	0.8367205263157895	0.6890073684210526	0.7813784210526316	0.6174515789473685	0.7421352631578948	0.701221052631579	0.8884389473684211	0.8019494736842105	0.7736363157894737	0.856798947368421	0.7839621052631579	0.8422057894736842	0.7992042105263157	0.8778326315789474	0.7917547368421053	0.37958947368421053	0.4551521052631579	0.4519278947368421	0.5213994736842106	0.5327384210526316	0.5538168421052632	0.8181815789473684	0.8761694736842105	0.42341894736842106	0.48571631578947366	0.38422684210526314	0.3404	0.5322236842105263	0.39091105263157894	0.4400873684210526	0.32195526315789474	0.38378684210526315	0.45845315789473684	0.4849873684210526	0.34202315789473686	0.39689	0.44438526315789473	0.4810863157894737	0.6592263157894737	0.5707821052631579	0.6255242105263158	0.5210621052631579	0.8417231578947368	0.2403805263157895	0.4511042105263158	0.5338515789473685	0.6119868421052632	0.8437463157894737	0.8249231578947368	0.7397484210526316	0.8696768421052632	0.7948494736842106	0.4759557894736842	0.8040347368421052	0.6337968421052631	0.8372105263157895	0.66913	0.8427905263157894	0.6556478947368422	0.653048947368421	0.7598578947368421	0.8280731578947368	0.8582415789473684	0.7446536842105264	0.6922168421052631	0.7975631578947369	0.5514473684210527
ENSG00000287828	ENSG00000287828	chr1	3322574	3323127	554	7.9844e-29	0.231386	21	0.58939	0.358	Lymphoid vs. Columnar	hypermeth	0.8022960294117647	0.5690411111111111	0.35715745454545456	0.590528448275862	0.842534	0.8868510000000001	0.9240675	0.894976	0.768136	0.8504955	0.9083615	0.9109435	0.7166669999999999	0.912348	0.913738	0.543925	0.7090385	0.898321	0.6202565	0.6139020000000001	0.7244715	0.8945885	0.8441275	0.782844	0.538711	0.4717325	0.4530955	0.519503	0.4755185	0.571587	0.123616	0.297694	0.623367	0.6102595	0.8023605	0.7364865	0.865581	0.257909	0.373759	0.3159175	0.3608405	0.38304	0.3588575	0.1769645	0.156417	0.6233335	0.4908525	0.387957	0.307933	0.2883605	0.3678435	0.286783	0.3429825	0.481695	0.3718135	0.267617	0.5965325	0.3228905	0.4312165	0.29289350000000003	0.244723	0.3121465	0.5979990000000001	0.4474615	0.4505255	0.6014505	0.3406925	0.5268595	0.479092	0.3803875	0.4890925	0.722441	0.7247085	0.8205185	0.7632195	0.5415075	0.6305685	0.3989735	0.7214825	0.5112695	0.774304	0.7012605	0.6761135	0.5328405	0.615214	0.5591655	0.7340205	0.793655	0.6722905	0.606065
